algorithm_id,algorithm_label,relative_path_length
grid_astar,Grid A*,1.3797556199459837
grid_astar,Grid A*,1.1676348490163393
grid_astar,Grid A*,1.0558693316505123
grid_astar,Grid A*,1.0753302138077943
grid_astar,Grid A*,1.0575118758057962
grid_astar,Grid A*,1.075019190631541
grid_astar,Grid A*,1.089669402560097
grid_astar,Grid A*,1.0829800738748812
grid_astar,Grid A*,1.0438073713153304
grid_astar,Grid A*,1.0290612843740847
grid_astar,Grid A*,1.0497977421937836
grid_astar,Grid A*,1.0136312705948685
grid_astar,Grid A*,1.0784638104624933
grid_astar,Grid A*,1.080685832913306
grid_astar,Grid A*,1.0299447487315716
grid_astar,Grid A*,1.030007507884077
grid_astar,Grid A*,1.0536636619603046
grid_astar,Grid A*,1.2189561047462585
grid_astar,Grid A*,1.0960303006709864
grid_astar,Grid A*,1.045604860325447
grid_astar,Grid A*,1.0171465768114667
grid_astar,Grid A*,1.1261287855355233
grid_astar,Grid A*,1.0
grid_astar,Grid A*,1.0504339045134237
grid_astar,Grid A*,1.3292993016308325
grid_astar,Grid A*,1.0382729107125221
grid_astar,Grid A*,1.0218850033699631
grid_astar,Grid A*,1.3046868326899457
grid_astar,Grid A*,1.0606460240794124
grid_astar,Grid A*,1.0295813622364933
grid_astar,Grid A*,1.0977546192646679
grid_astar,Grid A*,1.0231907151648016
grid_astar,Grid A*,1.8164628703211627
grid_astar,Grid A*,1.080391871601237
grid_astar,Grid A*,1.0505245868649216
grid_astar,Grid A*,1.0243305296447816
grid_astar,Grid A*,1.2551595674735274
grid_astar,Grid A*,1.0097652250173828
grid_astar,Grid A*,1.0406251779507598
grid_astar,Grid A*,1.026536525649494
grid_astar,Grid A*,1.0194931562040246
grid_astar,Grid A*,1.073671144618962
grid_astar,Grid A*,1.0091026793269322
grid_astar,Grid A*,1.1844020273529443
grid_astar,Grid A*,1.1361906479489465
grid_astar,Grid A*,1.0287558225481834
grid_astar,Grid A*,1.0262024212050804
grid_astar,Grid A*,1.2332309521619818
grid_astar,Grid A*,1.1664831313508957
grid_astar,Grid A*,1.0168249044166702
grid_astar,Grid A*,1.385912818494798
grid_astar,Grid A*,1.0078560169595099
grid_astar,Grid A*,1.083937201077544
grid_astar,Grid A*,1.3514953629372135
grid_astar,Grid A*,1.0718211023157618
grid_astar,Grid A*,1.0202610825320257
grid_astar,Grid A*,1.0522645181977168
grid_astar,Grid A*,1.0583430516435757
grid_astar,Grid A*,1.0586191115048922
grid_astar,Grid A*,1.0441340421171434
grid_astar,Grid A*,1.0263733536845812
grid_astar,Grid A*,1.1463204653173495
grid_astar,Grid A*,1.1967665450488953
grid_astar,Grid A*,1.1188137765335484
grid_astar,Grid A*,1.0458429741567166
grid_astar,Grid A*,1.1875992038653258
grid_astar,Grid A*,1.1630383796465948
grid_astar,Grid A*,1.0828712242382974
grid_astar,Grid A*,1.010559646357885
grid_astar,Grid A*,1.0901165799629429
grid_astar,Grid A*,1.0827412223445292
grid_astar,Grid A*,1.3124481603308815
grid_astar,Grid A*,1.0771684401852397
grid_astar,Grid A*,1.0539700092152693
grid_astar,Grid A*,1.218403230919574
grid_astar,Grid A*,1.3200262212813474
grid_astar,Grid A*,1.0659289232425242
grid_astar,Grid A*,1.0666285061213003
grid_astar,Grid A*,1.028680757694215
grid_astar,Grid A*,1.1333959875642325
grid_astar,Grid A*,1.143359629056154
grid_astar,Grid A*,1.0800941285072765
grid_astar,Grid A*,1.3278716897825655
grid_astar,Grid A*,1.07848518421516
grid_astar,Grid A*,1.0490443592989571
grid_astar,Grid A*,1.0685134281170023
grid_astar,Grid A*,1.1188790074241572
grid_astar,Grid A*,1.1602230662111006
grid_astar,Grid A*,1.0719662761093318
grid_astar,Grid A*,1.0599375154860031
grid_astar,Grid A*,1.0169666851888621
grid_astar,Grid A*,1.0365444847235132
grid_astar,Grid A*,1.0796529819203724
grid_astar,Grid A*,1.0797740637289437
grid_astar,Grid A*,1.0245950589439776
grid_astar,Grid A*,1.0617757405092334
grid_astar,Grid A*,1.1282276313530248
grid_astar,Grid A*,1.0120809664161146
grid_astar,Grid A*,1.0
grid_astar,Grid A*,1.276720682498622
grid_astar,Grid A*,1.0734279295639961
grid_astar,Grid A*,1.0384107955265398
grid_astar,Grid A*,1.0243394771138876
grid_astar,Grid A*,1.0795840474053109
grid_astar,Grid A*,1.2704911181888294
grid_astar,Grid A*,1.0174069901579565
grid_astar,Grid A*,1.0514627238975245
grid_astar,Grid A*,1.026883685434657
grid_astar,Grid A*,1.330603488409949
grid_astar,Grid A*,1.028764226389935
grid_astar,Grid A*,1.0576123024044612
grid_astar,Grid A*,1.0787507407404349
grid_astar,Grid A*,1.0612685873509247
grid_astar,Grid A*,1.0329707944542346
grid_astar,Grid A*,1.0520189353398655
grid_astar,Grid A*,1.074241090573946
grid_astar,Grid A*,1.1150235384449545
grid_astar,Grid A*,1.0660606132489945
grid_astar,Grid A*,1.0940264198707168
grid_astar,Grid A*,1.2593733309810393
grid_astar,Grid A*,1.0788682724480378
grid_astar,Grid A*,1.1279322870793622
grid_astar,Grid A*,1.1708448874942599
grid_astar,Grid A*,1.0398193082817815
grid_astar,Grid A*,1.0813974457282975
grid_astar,Grid A*,1.2065768441073188
grid_astar,Grid A*,1.0923431266015324
grid_astar,Grid A*,1.012499130014694
grid_astar,Grid A*,1.0242507812116164
grid_astar,Grid A*,1.056690733027802
grid_astar,Grid A*,1.1663866630453312
grid_astar,Grid A*,1.1062580335448633
grid_astar,Grid A*,1.0497545523007008
grid_astar,Grid A*,1.2164143557863072
grid_astar,Grid A*,1.0395276072895339
grid_astar,Grid A*,1.1134676604232066
grid_astar,Grid A*,1.0517869537103874
grid_astar,Grid A*,1.0323136282567065
grid_astar,Grid A*,1.2511543087987727
grid_astar,Grid A*,1.0309540152027428
grid_astar,Grid A*,1.0696072105441121
grid_astar,Grid A*,1.0853549398184423
grid_astar,Grid A*,1.0784583887715067
grid_astar,Grid A*,1.079133430719384
grid_astar,Grid A*,1.0535153640136543
grid_astar,Grid A*,1.0321298784716464
grid_astar,Grid A*,1.1265013908341903
grid_astar,Grid A*,1.0289924314467844
grid_astar,Grid A*,1.0384632274763879
grid_astar,Grid A*,1.0473584404003067
grid_astar,Grid A*,1.0415958788419835
grid_astar,Grid A*,1.1468446506306116
grid_astar,Grid A*,1.0675518760805982
grid_astar,Grid A*,1.129825847816635
grid_astar,Grid A*,1.0
grid_astar,Grid A*,1.0909111220812953
grid_astar,Grid A*,1.0342121646869833
grid_astar,Grid A*,1.0782592764789785
grid_astar,Grid A*,1.1281393061260439
grid_astar,Grid A*,1.0626027374005793
grid_astar,Grid A*,1.0526643349574847
grid_astar,Grid A*,1.059007965455022
grid_astar,Grid A*,1.0774543617812387
grid_astar,Grid A*,1.0753186461358617
grid_astar,Grid A*,1.0856738318582486
grid_astar,Grid A*,1.0215923793291342
grid_astar,Grid A*,1.3615572127859992
grid_astar,Grid A*,1.1263130455914743
grid_astar,Grid A*,1.2593140604673756
grid_astar,Grid A*,1.045566047340299
grid_astar,Grid A*,1.0143850761992876
grid_astar,Grid A*,1.1095332104295001
grid_astar,Grid A*,1.0290428311015585
grid_astar,Grid A*,1.217598408084342
grid_astar,Grid A*,1.0410258675265354
grid_astar,Grid A*,1.0781453386588415
grid_astar,Grid A*,1.0706120694385288
grid_astar,Grid A*,1.0
grid_astar,Grid A*,1.0
grid_astar,Grid A*,1.2698985907423797
grid_astar,Grid A*,1.1098745179408098
grid_astar,Grid A*,1.1177314900392916
grid_astar,Grid A*,1.0772155546587185
grid_astar,Grid A*,1.0200511791435205
grid_astar,Grid A*,1.1189166374318558
grid_astar,Grid A*,1.42344870259658
grid_astar,Grid A*,1.0714516219393095
grid_astar,Grid A*,1.0767498220099407
grid_astar,Grid A*,1.0821081462235949
grid_astar,Grid A*,1.0718289449279383
grid_astar,Grid A*,1.1671044839376619
grid_astar,Grid A*,1.0147018607123282
grid_astar,Grid A*,1.3887654740851607
grid_astar,Grid A*,1.0094965377165759
grid_astar,Grid A*,1.3555202369706427
grid_astar,Grid A*,1.234912479797502
grid_astar,Grid A*,1.05836470932451
grid_astar,Grid A*,1.1503496108359916
grid_astar,Grid A*,1.0334099637118201
grid_astar,Grid A*,1.023721579197028
grid_astar,Grid A*,1.023286203037915
grid_astar,Grid A*,1.0640938661799622
grid_astar,Grid A*,1.1259249717120623
grid_astar,Grid A*,1.6839948838262802
grid_astar,Grid A*,1.134533161665945
grid_astar,Grid A*,1.1323055047843165
grid_astar,Grid A*,1.0708903305161794
grid_astar,Grid A*,1.0074203105112072
grid_astar,Grid A*,1.079064909563464
grid_astar,Grid A*,1.048327649414365
grid_astar,Grid A*,1.0908607322103372
grid_astar,Grid A*,1.0354209841752922
grid_astar,Grid A*,1.012142502372079
grid_astar,Grid A*,1.0489775760324236
grid_astar,Grid A*,1.0814028088661543
grid_astar,Grid A*,1.342659015777293
grid_astar,Grid A*,1.032226896581349
grid_astar,Grid A*,1.1009177810597253
grid_astar,Grid A*,1.0799780901642757
grid_astar,Grid A*,1.0521519122879432
grid_astar,Grid A*,1.0312161785285097
grid_astar,Grid A*,1.114127854632316
grid_astar,Grid A*,1.019085106176853
grid_astar,Grid A*,1.141275711578754
grid_astar,Grid A*,1.0651603263018343
grid_astar,Grid A*,1.4224153951733478
grid_astar,Grid A*,1.2693479249336894
grid_astar,Grid A*,1.021602540844934
grid_astar,Grid A*,1.1368336799281118
grid_astar,Grid A*,1.0622005023075198
grid_astar,Grid A*,1.032479050659565
grid_astar,Grid A*,1.020387559036115
grid_astar,Grid A*,1.0797513881427852
grid_astar,Grid A*,1.0293265449333926
grid_astar,Grid A*,1.01232869076426
grid_astar,Grid A*,1.1424339932843148
grid_astar,Grid A*,1.0226476498321337
grid_astar,Grid A*,1.2914171591939274
grid_astar,Grid A*,1.0891217535591837
grid_astar,Grid A*,1.0755457358169107
grid_astar,Grid A*,1.0677199956984487
grid_astar,Grid A*,1.0504507791708615
grid_astar,Grid A*,1.071103802509516
grid_astar,Grid A*,1.084755488133358
grid_astar,Grid A*,1.2389031760772304
grid_astar,Grid A*,1.3808825619444642
grid_astar,Grid A*,1.117637104395658
grid_astar,Grid A*,1.039571465824758
grid_astar,Grid A*,1.2556504451293589
grid_astar,Grid A*,1.018891316372483
grid_astar,Grid A*,1.037778349790841
grid_astar,Grid A*,1.066656983524906
grid_astar,Grid A*,1.022681120138971
grid_astar,Grid A*,1.0383158678976951
grid_astar,Grid A*,1.079989660614396
grid_astar,Grid A*,1.0055376145710064
grid_astar,Grid A*,1.0329260480913045
grid_astar,Grid A*,1.0323993733267336
grid_astar,Grid A*,1.0233058230972916
grid_astar,Grid A*,1.0832433696986348
grid_astar,Grid A*,1.0858017409628762
grid_astar,Grid A*,1.0815353332297462
grid_astar,Grid A*,1.0684183919604662
grid_astar,Grid A*,1.0
grid_astar,Grid A*,1.0430860622770932
grid_astar,Grid A*,1.0655484628211205
grid_astar,Grid A*,1.1008422810137481
grid_astar,Grid A*,1.014684537283745
grid_astar,Grid A*,1.0
grid_astar,Grid A*,1.056755627074228
grid_astar,Grid A*,1.1410057550585855
grid_astar,Grid A*,1.0369171397878425
grid_astar,Grid A*,1.0315590463499984
grid_astar,Grid A*,1.0229464856136523
grid_astar,Grid A*,1.0735317507047486
grid_astar,Grid A*,1.06700135305201
grid_astar,Grid A*,1.0252727779725026
grid_astar,Grid A*,1.0184225039323882
grid_astar,Grid A*,1.0829252829476483
grid_astar,Grid A*,1.0866949528054688
grid_astar,Grid A*,1.0674853492912404
grid_astar,Grid A*,1.0589425291876153
grid_astar,Grid A*,1.061168074680393
grid_astar,Grid A*,1.039473247949871
grid_astar,Grid A*,1.040281422214073
grid_astar,Grid A*,1.060150481814147
grid_astar,Grid A*,1.1098430032779147
grid_astar,Grid A*,1.0361298091492925
grid_astar,Grid A*,1.0116773237630257
grid_astar,Grid A*,1.056841077830291
grid_astar,Grid A*,1.0700799129330398
grid_astar,Grid A*,1.030330403310613
grid_astar,Grid A*,1.068980130670226
grid_astar,Grid A*,1.2638414995316396
grid_astar,Grid A*,1.029348974135085
grid_astar,Grid A*,1.071952970317481
grid_astar,Grid A*,1.0900694839983953
grid_astar,Grid A*,1.0533628987425947
grid_astar,Grid A*,1.0776105734050765
grid_astar,Grid A*,1.2493723135214585
grid_astar,Grid A*,1.12594471771522
grid_astar,Grid A*,1.0269616868746256
grid_astar,Grid A*,1.0227097138987369
grid_astar,Grid A*,1.0631833628332479
grid_astar,Grid A*,1.1332589078308275
grid_astar,Grid A*,1.205034195516412
grid_astar,Grid A*,1.0933131572621555
grid_astar,Grid A*,1.072819883353438
grid_astar,Grid A*,1.0327100995824157
grid_astar,Grid A*,1.1791589624022512
grid_astar,Grid A*,1.021808605261052
grid_astar,Grid A*,1.0268082728782426
grid_astar,Grid A*,1.0227279527642577
grid_astar,Grid A*,1.0287706053459913
grid_astar,Grid A*,1.1773558600686638
grid_astar,Grid A*,1.0214135102963724
grid_astar,Grid A*,1.0553253905255373
grid_astar,Grid A*,1.1548439256113467
grid_astar,Grid A*,1.0657223753510148
grid_astar,Grid A*,1.079253531682796
grid_astar,Grid A*,1.225359895218416
grid_astar,Grid A*,1.122118655028711
grid_astar,Grid A*,1.0766746590104614
grid_astar,Grid A*,1.0351319234282632
grid_astar,Grid A*,1.173108151654975
grid_astar,Grid A*,1.1010032840697836
grid_astar,Grid A*,1.078017058372105
grid_astar,Grid A*,1.069351062331029
grid_astar,Grid A*,1.0488028750201268
grid_astar,Grid A*,1.2896046842094484
grid_astar,Grid A*,1.0487418704784746
grid_astar,Grid A*,1.1275298460109653
grid_astar,Grid A*,1.0436430988674947
grid_astar,Grid A*,1.035357557524062
grid_astar,Grid A*,1.1375499877857171
grid_astar,Grid A*,1.0761055553698673
grid_astar,Grid A*,1.3604120559841233
grid_astar,Grid A*,1.2443980905672511
grid_astar,Grid A*,1.176963976085894
grid_astar,Grid A*,1.2227170627366373
grid_astar,Grid A*,1.0881876124518055
grid_astar,Grid A*,1.0456897454330172
grid_astar,Grid A*,1.1123506263257503
grid_astar,Grid A*,1.1299923194751442
grid_astar,Grid A*,1.0130242196757389
grid_astar,Grid A*,1.0339032974473734
grid_astar,Grid A*,1.115662348227486
grid_astar,Grid A*,1.0207770808804655
grid_astar,Grid A*,1.071575788288533
grid_astar,Grid A*,1.0549154273803936
grid_astar,Grid A*,1.3991891307799316
grid_astar,Grid A*,1.1118701573337735
grid_astar,Grid A*,1.0747581818957108
grid_astar,Grid A*,1.061012577443512
grid_astar,Grid A*,1.2542762976103385
grid_astar,Grid A*,1.2377850963725168
grid_astar,Grid A*,1.0378813597528715
grid_astar,Grid A*,1.0022601197250538
grid_astar,Grid A*,1.053640642529722
grid_astar,Grid A*,1.1275168354947744
grid_astar,Grid A*,1.0231704961080503
grid_astar,Grid A*,1.0646955448264435
grid_astar,Grid A*,1.0796650534119279
grid_astar,Grid A*,1.1156883321617597
grid_astar,Grid A*,1.3045615818629421
grid_astar,Grid A*,1.0485012346041018
grid_astar,Grid A*,1.0483119665235192
grid_astar,Grid A*,1.0801515290774188
grid_astar,Grid A*,1.082970393208537
grid_astar,Grid A*,1.2846749211910602
grid_astar,Grid A*,1.0754247678477926
grid_astar,Grid A*,1.2368526845886585
grid_astar,Grid A*,1.0695864172645801
grid_astar,Grid A*,1.054508224116356
grid_astar,Grid A*,1.0695495385650484
grid_astar,Grid A*,1.0762865019207781
grid_astar,Grid A*,1.0329932367129988
grid_astar,Grid A*,1.3312473107364609
grid_astar,Grid A*,1.2384132245489148
grid_astar,Grid A*,1.2341479860027849
grid_astar,Grid A*,1.0692540465844171
grid_astar,Grid A*,1.0501916889560126
grid_astar,Grid A*,1.0780765155063694
grid_astar,Grid A*,1.0365318487544977
grid_astar,Grid A*,1.0776955198994698
grid_astar,Grid A*,1.0606237050694793
grid_astar,Grid A*,1.2008923804001939
grid_astar,Grid A*,1.0413608410954418
grid_astar,Grid A*,1.0635233003132325
grid_astar,Grid A*,1.003762004560184
grid_astar,Grid A*,1.0538525082363401
grid_astar,Grid A*,1.2805201055829558
grid_astar,Grid A*,1.078168276690165
grid_astar,Grid A*,1.0
grid_astar,Grid A*,1.0803259873703388
grid_astar,Grid A*,1.0392352885543914
grid_astar,Grid A*,1.0576611381733703
grid_astar,Grid A*,1.0393391218649726
grid_astar,Grid A*,1.037226962053024
grid_astar,Grid A*,1.046968633610327
grid_astar,Grid A*,1.0495572877352952
grid_astar,Grid A*,1.094971786558921
grid_astar,Grid A*,1.0295146463378848
grid_astar,Grid A*,1.3323859595740457
grid_astar,Grid A*,1.07543108883969
grid_astar,Grid A*,1.0997307866081405
grid_astar,Grid A*,1.020895408260624
grid_astar,Grid A*,1.6696047315192897
grid_astar,Grid A*,1.078855751552139
grid_astar,Grid A*,1.0
grid_astar,Grid A*,1.0494714187785414
grid_astar,Grid A*,1.089704404632088
grid_astar,Grid A*,1.051363115919623
grid_astar,Grid A*,1.0744615543525502
grid_astar,Grid A*,1.0708970929805552
grid_astar,Grid A*,1.0171450419278611
grid_astar,Grid A*,1.0138940520527142
grid_astar,Grid A*,1.0759576963656754
grid_astar,Grid A*,1.0619862098187662
grid_astar,Grid A*,1.024381263153405
grid_astar,Grid A*,1.1421413917753247
grid_astar,Grid A*,1.0830507218563046
grid_astar,Grid A*,1.2849678573712924
grid_astar,Grid A*,1.129568255146787
grid_astar,Grid A*,1.0850905671910336
grid_astar,Grid A*,1.0884098985650412
grid_astar,Grid A*,1.032307033401042
grid_astar,Grid A*,1.0312343947540983
grid_astar,Grid A*,1.11633675664292
grid_astar,Grid A*,1.0934015835178945
grid_astar,Grid A*,1.0491075982692237
grid_astar,Grid A*,1.032806090953197
grid_astar,Grid A*,1.0327945733195418
grid_astar,Grid A*,1.0192758460640503
grid_astar,Grid A*,1.0823066431897834
grid_astar,Grid A*,1.1529812408641003
grid_astar,Grid A*,1.0
grid_astar,Grid A*,1.1385314863099838
grid_astar,Grid A*,1.0391767015942537
grid_astar,Grid A*,1.1181467873648714
grid_astar,Grid A*,1.071222537781297
grid_astar,Grid A*,1.0
grid_astar,Grid A*,1.0708843608269412
grid_astar,Grid A*,1.2653067764781074
grid_astar,Grid A*,1.0943687646232554
grid_astar,Grid A*,1.03022701498073
grid_astar,Grid A*,1.254121048975877
grid_astar,Grid A*,1.0358411585371006
grid_astar,Grid A*,1.1215395022151942
grid_astar,Grid A*,1.1023374189299664
grid_astar,Grid A*,1.0400600440144958
grid_astar,Grid A*,1.0394551201837423
grid_astar,Grid A*,1.0778739067321848
grid_astar,Grid A*,1.0537535497145387
grid_astar,Grid A*,1.123871185405807
grid_astar,Grid A*,1.0522524805922295
grid_astar,Grid A*,1.0456947773771288
grid_astar,Grid A*,1.0528200739152624
grid_astar,Grid A*,1.0467011148215561
grid_astar,Grid A*,1.209548228701343
grid_astar,Grid A*,1.0815568779606053
grid_astar,Grid A*,1.038621994544702
grid_astar,Grid A*,1.0
grid_astar,Grid A*,1.099338822490075
grid_astar,Grid A*,1.0144132127814116
grid_astar,Grid A*,1.060096113198882
grid_astar,Grid A*,1.0712168155744795
grid_astar,Grid A*,1.1465233621114794
grid_astar,Grid A*,1.4275693129496592
grid_astar,Grid A*,1.029269492208233
grid_astar,Grid A*,1.0795793771882312
grid_astar,Grid A*,1.078598186486976
grid_astar,Grid A*,1.0134527495693286
grid_astar,Grid A*,1.073361930644618
grid_astar,Grid A*,1.162170915272913
grid_astar,Grid A*,1.007991096647503
grid_astar,Grid A*,1.0202375652788416
grid_astar,Grid A*,1.0840672590136944
grid_astar,Grid A*,1.077921001535985
grid_astar,Grid A*,1.0062469620918197
grid_astar,Grid A*,1.0630126431810607
grid_astar,Grid A*,1.032982979507126
grid_astar,Grid A*,1.1153712501822002
grid_astar,Grid A*,1.0436468219176882
grid_astar,Grid A*,1.1141146548393592
grid_astar,Grid A*,1.0603294353577462
grid_astar,Grid A*,1.075777482132091
grid_astar,Grid A*,1.0343371733683997
grid_astar,Grid A*,1.1457388586653796
grid_astar,Grid A*,1.2166783100607352
grid_astar,Grid A*,1.0375830402945194
grid_astar,Grid A*,1.025723059630729
grid_astar,Grid A*,1.0805464737538082
grid_astar,Grid A*,1.228601401648335
grid_astar,Grid A*,1.4836917316663831
grid_astar,Grid A*,1.0849570416543606
grid_astar,Grid A*,1.0478509995924363
grid_astar,Grid A*,1.2363249508522107
grid_astar,Grid A*,1.0789008584931583
grid_astar,Grid A*,1.0442652251327493
grid_astar,Grid A*,1.0962443843175127
grid_astar,Grid A*,1.2247679012816934
grid_astar,Grid A*,1.0906872590224326
grid_astar,Grid A*,1.0800223129543332
grid_astar,Grid A*,1.0440735473646687
grid_astar,Grid A*,1.1536007751904997
grid_astar,Grid A*,1.007812427904792
grid_astar,Grid A*,1.2809679546384272
grid_astar,Grid A*,1.195789453024763
grid_astar,Grid A*,1.6538128974051083
grid_astar,Grid A*,1.0799475646648609
grid_astar,Grid A*,1.0089963173620053
grid_astar,Grid A*,1.361208967987918
grid_astar,Grid A*,1.0597205229646658
grid_astar,Grid A*,1.3262039160220918
grid_astar,Grid A*,1.0403665799797936
grid_astar,Grid A*,1.0714057972082442
grid_astar,Grid A*,1.0207153015030537
grid_astar,Grid A*,1.066946309020775
grid_astar,Grid A*,1.0141262988131063
grid_astar,Grid A*,1.0779129768713116
grid_astar,Grid A*,1.267153627146847
grid_astar,Grid A*,1.0533514135184692
grid_astar,Grid A*,1.068067937156439
grid_astar,Grid A*,1.2536436745772819
grid_astar,Grid A*,1.3221523298054192
grid_astar,Grid A*,1.0764724105164065
grid_astar,Grid A*,1.0289377907186006
grid_astar,Grid A*,1.0458979550692598
grid_astar,Grid A*,1.0
grid_astar,Grid A*,1.0702846682615346
grid_astar,Grid A*,1.0917100672101885
grid_astar,Grid A*,1.0613430121816565
grid_astar,Grid A*,1.2179604834271678
grid_astar,Grid A*,1.0962521339735511
grid_astar,Grid A*,1.0986587059827082
grid_astar,Grid A*,1.0176446226082327
grid_astar,Grid A*,1.029491678961673
grid_astar,Grid A*,1.0917707444252462
grid_astar,Grid A*,1.0612702412197232
grid_astar,Grid A*,1.3134944913344655
grid_astar,Grid A*,1.045161852787277
grid_astar,Grid A*,1.071790229898374
grid_astar,Grid A*,1.011659381143663
grid_astar,Grid A*,1.0245733720234067
grid_astar,Grid A*,1.0344988912450344
grid_astar,Grid A*,1.0446044126715404
grid_astar,Grid A*,1.0790245742409788
grid_astar,Grid A*,1.04521117112335
grid_astar,Grid A*,1.1699779629287066
grid_astar,Grid A*,1.3696584828073397
grid_astar,Grid A*,1.0801391964974474
grid_astar,Grid A*,1.0150675215061795
grid_astar,Grid A*,1.1137331543225235
grid_astar,Grid A*,1.0
grid_astar,Grid A*,1.051360648431046
grid_astar,Grid A*,1.0406224429277733
grid_astar,Grid A*,1.0250186384109226
grid_astar,Grid A*,1.01982050644208
grid_astar,Grid A*,1.0825050300606063
grid_astar,Grid A*,1.050137858902126
grid_astar,Grid A*,1.0788979473535096
grid_astar,Grid A*,1.0834812753146958
grid_astar,Grid A*,1.0672583873641657
grid_astar,Grid A*,1.0238027983788383
grid_astar,Grid A*,1.078159528214667
grid_astar,Grid A*,1.0794097503710585
grid_astar,Grid A*,1.1245854807886613
grid_astar,Grid A*,1.075359635854727
grid_astar,Grid A*,1.1432015047490913
grid_astar,Grid A*,1.0834444385208388
grid_astar,Grid A*,1.026152373203146
grid_astar,Grid A*,1.3491511466140567
grid_astar,Grid A*,1.021750703622863
grid_astar,Grid A*,1.0440635188435845
grid_astar,Grid A*,1.0353764060038886
grid_astar,Grid A*,1.0085933263711
grid_astar,Grid A*,1.0858772387569682
grid_astar,Grid A*,1.0514623127224507
grid_astar,Grid A*,1.2466318940334955
grid_astar,Grid A*,1.0839840492854134
grid_astar,Grid A*,1.0590511512171001
grid_astar,Grid A*,1.0361322841479845
grid_astar,Grid A*,1.090646329476952
grid_astar,Grid A*,1.053305557862789
grid_astar,Grid A*,1.0549669909466786
grid_astar,Grid A*,1.3108591150296407
grid_astar,Grid A*,1.199369887897047
grid_astar,Grid A*,1.0349936005598952
grid_astar,Grid A*,1.0295480590063313
grid_astar,Grid A*,1.1518924937809571
grid_astar,Grid A*,1.1541288768926872
grid_astar,Grid A*,1.3681223678922863
grid_astar,Grid A*,1.1566898565812476
grid_astar,Grid A*,1.2630547343971563
grid_astar,Grid A*,1.034092204593671
grid_astar,Grid A*,1.1559370605249588
grid_astar,Grid A*,1.0938894383509066
grid_astar,Grid A*,1.194774016080308
grid_astar,Grid A*,1.054128270323814
grid_astar,Grid A*,1.0849823134784145
grid_astar,Grid A*,1.0467833759606358
grid_astar,Grid A*,1.0240173843024518
grid_astar,Grid A*,1.2598444395848474
grid_astar,Grid A*,1.0082442232405473
grid_astar,Grid A*,1.035282335826634
grid_astar,Grid A*,1.093728051895473
grid_astar,Grid A*,1.0339040435469462
grid_astar,Grid A*,1.1098737742482638
grid_astar,Grid A*,1.0793691533357304
grid_astar,Grid A*,1.0133833932649445
grid_astar,Grid A*,1.0356577693356264
grid_astar,Grid A*,1.2337418058210696
grid_astar,Grid A*,1.0990673563706639
grid_astar,Grid A*,1.244520747930819
grid_astar,Grid A*,1.1718416917363894
grid_astar,Grid A*,1.0541647624974897
grid_astar,Grid A*,1.0784651656414561
grid_astar,Grid A*,1.0263547767288566
grid_astar,Grid A*,1.1292637115631274
grid_astar,Grid A*,1.275904737384947
grid_astar,Grid A*,1.0860505215234169
grid_astar,Grid A*,1.0643713775077956
grid_astar,Grid A*,1.0614750610380737
grid_astar,Grid A*,1.0625447898771772
grid_astar,Grid A*,1.1347382563516244
grid_astar,Grid A*,1.1047362545259696
grid_astar,Grid A*,1.1101327061573014
grid_astar,Grid A*,1.0311956541036351
grid_astar,Grid A*,1.0425024363121937
grid_astar,Grid A*,1.0437375588359041
grid_astar,Grid A*,1.0106755915590742
grid_astar,Grid A*,1.0843834023113486
grid_astar,Grid A*,1.0462926705800577
grid_astar,Grid A*,1.0441517648079046
grid_astar,Grid A*,1.0
grid_astar,Grid A*,1.126775353192774
grid_astar,Grid A*,1.045796353308455
grid_astar,Grid A*,1.0215856677827972
grid_astar,Grid A*,1.0750057452596664
grid_astar,Grid A*,1.2393853972517301
grid_astar,Grid A*,1.0790061423813995
grid_astar,Grid A*,1.0219163311653225
grid_astar,Grid A*,1.0260660207357317
grid_astar,Grid A*,1.011202482808607
grid_astar,Grid A*,1.059113773006438
grid_astar,Grid A*,1.2446674042655625
grid_astar,Grid A*,1.0519113454675184
grid_astar,Grid A*,1.0710722668393715
grid_astar,Grid A*,1.068112672584219
grid_astar,Grid A*,1.0
grid_astar,Grid A*,1.0826285051578448
grid_astar,Grid A*,1.0795330819513935
grid_astar,Grid A*,1.0
grid_astar,Grid A*,1.0114363971388456
grid_astar,Grid A*,1.1518909463321065
grid_astar,Grid A*,1.271201049441041
grid_astar,Grid A*,1.0798751119371914
grid_astar,Grid A*,1.071019106474872
grid_astar,Grid A*,1.0699452403912015
grid_astar,Grid A*,1.0277106927228918
grid_astar,Grid A*,1.055141789427045
grid_astar,Grid A*,1.0574687303048327
grid_astar,Grid A*,1.0654451208995512
grid_astar,Grid A*,1.092832342366568
grid_astar,Grid A*,1.3342867340700544
grid_astar,Grid A*,1.0203082244187234
grid_astar,Grid A*,1.1708543413268473
grid_astar,Grid A*,1.059644055992105
grid_astar,Grid A*,1.1053427589251121
grid_astar,Grid A*,1.3347454938746304
grid_astar,Grid A*,1.018631684327014
grid_astar,Grid A*,1.0235559343286258
grid_astar,Grid A*,1.0771816663751086
grid_astar,Grid A*,1.032708533982485
grid_astar,Grid A*,1.293953256852444
grid_astar,Grid A*,1.0554431995457936
grid_astar,Grid A*,1.0232114686102496
grid_astar,Grid A*,1.0697216683467534
grid_astar,Grid A*,1.0282113038933556
grid_astar,Grid A*,1.0801691002860934
grid_astar,Grid A*,1.4227548884250443
grid_astar,Grid A*,1.077456225767247
grid_astar,Grid A*,1.0257820348901474
grid_astar,Grid A*,1.1561632495071548
grid_astar,Grid A*,1.0961874771136824
grid_astar,Grid A*,1.0363071586090977
grid_astar,Grid A*,1.0377062566882629
grid_astar,Grid A*,1.0020326567486402
grid_astar,Grid A*,1.0633324142771847
grid_astar,Grid A*,1.0180049846603954
grid_astar,Grid A*,1.0358204217138083
grid_astar,Grid A*,1.253986940150583
grid_astar,Grid A*,1.0
grid_astar,Grid A*,1.0092330984326179
grid_astar,Grid A*,1.06239697987791
grid_astar,Grid A*,1.0415451409719716
grid_astar,Grid A*,1.0080748497655265
grid_astar,Grid A*,1.017139218387295
grid_astar,Grid A*,1.037532384795454
grid_astar,Grid A*,1.031530308050473
grid_astar,Grid A*,1.0
grid_astar,Grid A*,1.0404931204882673
grid_astar,Grid A*,1.148351276951678
grid_astar,Grid A*,1.022671436992055
grid_astar,Grid A*,1.2410388172199631
grid_astar,Grid A*,1.0449477478095097
grid_astar,Grid A*,1.0411843361387927
grid_astar,Grid A*,1.0539655293097632
grid_astar,Grid A*,1.0
grid_astar,Grid A*,1.0033281971116577
grid_astar,Grid A*,1.3665491266465883
grid_astar,Grid A*,1.0230107697655664
grid_astar,Grid A*,1.0755575575902385
grid_astar,Grid A*,1.0742151683295766
grid_astar,Grid A*,1.0205242219153854
grid_astar,Grid A*,1.0471993381030522
grid_astar,Grid A*,1.0626073890436394
grid_astar,Grid A*,1.0724280351705986
grid_astar,Grid A*,1.0803063207595085
grid_astar,Grid A*,1.0746118307442354
grid_astar,Grid A*,1.249555735983604
grid_astar,Grid A*,1.0400849919105226
grid_astar,Grid A*,1.0703410998724385
grid_astar,Grid A*,1.0
grid_astar,Grid A*,1.0613792578163825
grid_astar,Grid A*,1.0584206673659566
grid_astar,Grid A*,1.0431752698875811
grid_astar,Grid A*,1.0574964636689788
grid_astar,Grid A*,1.0788089014234905
grid_astar,Grid A*,1.0725235221973923
grid_astar,Grid A*,1.0275378853986494
grid_astar,Grid A*,1.0851462967031829
grid_astar,Grid A*,1.0522287741146623
grid_astar,Grid A*,1.1432181215138009
grid_astar,Grid A*,1.047346106610978
grid_astar,Grid A*,1.1532381574547612
grid_astar,Grid A*,1.0328331581690913
grid_astar,Grid A*,1.0419092072027418
grid_astar,Grid A*,1.1672832046902664
grid_astar,Grid A*,1.0583486244261133
grid_astar,Grid A*,1.3247745390026517
grid_astar,Grid A*,1.0812341859448356
grid_astar,Grid A*,1.176024983178128
grid_astar,Grid A*,1.0875470227026038
grid_astar,Grid A*,1.0747457299078924
grid_astar,Grid A*,1.0544815342025662
grid_astar,Grid A*,1.0815528835852162
grid_astar,Grid A*,1.0668681550616772
grid_astar,Grid A*,1.0276992744122007
grid_astar,Grid A*,1.0404147658257061
grid_astar,Grid A*,1.0786545508682295
grid_astar,Grid A*,1.067750523479618
grid_astar,Grid A*,1.0195099094932887
grid_astar,Grid A*,1.0650975493845782
grid_astar,Grid A*,1.0689078614026841
grid_astar,Grid A*,1.0662448245582725
grid_astar,Grid A*,1.2240915453529995
grid_astar,Grid A*,1.1965273678970536
grid_astar,Grid A*,1.1540729952983508
grid_astar,Grid A*,1.1405548247603505
grid_astar,Grid A*,1.111083684269022
grid_astar,Grid A*,1.1087678825323104
grid_astar,Grid A*,1.1413806615684186
grid_astar,Grid A*,1.0607854222841704
grid_astar,Grid A*,1.0
grid_astar,Grid A*,1.0787091187716258
grid_astar,Grid A*,1.1837408086697079
grid_astar,Grid A*,1.0616658565576822
grid_astar,Grid A*,1.0970954268929693
grid_astar,Grid A*,1.0166322943020565
grid_astar,Grid A*,1.0768155359683422
grid_astar,Grid A*,1.1640815700848912
grid_astar,Grid A*,1.0482320656701452
grid_astar,Grid A*,1.2023244684957741
grid_astar,Grid A*,1.056808129262746
grid_astar,Grid A*,1.0194039655692846
grid_astar,Grid A*,1.0496281876524085
grid_astar,Grid A*,1.0309943837463391
grid_astar,Grid A*,1.0788012841454817
grid_astar,Grid A*,1.0607122852145503
grid_astar,Grid A*,1.0201823662147593
grid_astar,Grid A*,1.2282424122858813
grid_astar,Grid A*,1.0157503427304226
grid_astar,Grid A*,1.2322590652511318
grid_astar,Grid A*,1.0258611117362875
grid_astar,Grid A*,1.0546754265279985
grid_astar,Grid A*,1.1952968093326852
grid_astar,Grid A*,1.0587055856768655
grid_astar,Grid A*,1.0871664698155483
grid_astar,Grid A*,1.0567419875701136
grid_astar,Grid A*,1.0346633223018857
grid_astar,Grid A*,1.0165866605746128
grid_astar,Grid A*,1.080253956268996
grid_astar,Grid A*,1.0904635816539114
grid_astar,Grid A*,1.0215959440051623
grid_astar,Grid A*,1.25995465850855
grid_astar,Grid A*,1.066273450667973
grid_astar,Grid A*,1.0
grid_astar,Grid A*,1.0
grid_astar,Grid A*,1.1307372940609894
grid_astar,Grid A*,1.0816434284322305
grid_astar,Grid A*,1.096379986118115
grid_astar,Grid A*,1.0773034996791397
grid_astar,Grid A*,1.161139428029282
grid_astar,Grid A*,1.0718089628304313
grid_astar,Grid A*,1.0306145505172595
grid_astar,Grid A*,1.0260514516135701
grid_astar,Grid A*,1.0725736827559116
grid_astar,Grid A*,1.0631484469007526
grid_astar,Grid A*,1.0217856246781898
grid_astar,Grid A*,1.0324069715034643
grid_astar,Grid A*,1.0792674392959665
grid_astar,Grid A*,1.1182263154549987
grid_astar,Grid A*,1.0785934634500454
grid_astar,Grid A*,1.0396804681663154
grid_astar,Grid A*,1.0227357350921642
grid_astar,Grid A*,1.0342412178568359
grid_astar,Grid A*,1.059596628319176
grid_astar,Grid A*,1.0226764632128227
grid_astar,Grid A*,1.333933810640741
grid_astar,Grid A*,1.03604533897763
grid_astar,Grid A*,1.0343718321795
grid_astar,Grid A*,1.0136854429639945
grid_astar,Grid A*,1.0665552184895715
grid_astar,Grid A*,1.0155633121224996
grid_astar,Grid A*,1.0367190854457717
grid_astar,Grid A*,1.0113513631743083
grid_astar,Grid A*,1.0569549560228488
grid_astar,Grid A*,1.060273400286701
grid_astar,Grid A*,1.0152397750411233
grid_astar,Grid A*,1.0787541507163072
grid_astar,Grid A*,1.0541557720431467
grid_astar,Grid A*,1.2679264487810524
grid_astar,Grid A*,1.059081261876244
grid_astar,Grid A*,1.127811237446974
grid_astar,Grid A*,1.1301971689028885
grid_astar,Grid A*,1.071719463451362
grid_astar,Grid A*,1.2552500192616542
grid_astar,Grid A*,1.0964927385591776
grid_astar,Grid A*,1.0451388767908756
grid_astar,Grid A*,1.183992865096537
grid_astar,Grid A*,1.223587530727503
grid_astar,Grid A*,1.0267893479141335
grid_astar,Grid A*,1.0431998562870808
grid_astar,Grid A*,1.0385525690965343
grid_astar,Grid A*,1.079674852057259
grid_astar,Grid A*,1.0610439526283202
grid_astar,Grid A*,1.0446293881003679
grid_astar,Grid A*,1.3529694600647846
grid_astar,Grid A*,1.0742030653242107
grid_astar,Grid A*,1.0683152358345485
grid_astar,Grid A*,1.015212260139196
grid_astar,Grid A*,1.023533476654812
grid_astar,Grid A*,1.0505596993200859
grid_astar,Grid A*,1.0321564038921325
grid_astar,Grid A*,1.0353714401315242
grid_astar,Grid A*,1.0362229195960238
grid_astar,Grid A*,1.0398599803714788
grid_astar,Grid A*,1.0211728501594124
grid_astar,Grid A*,1.0222361548647168
grid_astar,Grid A*,1.0745392493771742
grid_astar,Grid A*,1.0774238266048999
grid_astar,Grid A*,1.0830010197323263
grid_astar,Grid A*,1.0935655310889583
grid_astar,Grid A*,1.0943742700102501
grid_astar,Grid A*,1.0898543206109035
grid_astar,Grid A*,1.2036933702556876
grid_astar,Grid A*,1.1272311264988073
grid_astar,Grid A*,1.0604210637621554
grid_astar,Grid A*,1.0312913328460023
grid_astar,Grid A*,1.0566249363846851
grid_astar,Grid A*,1.2087218382677332
grid_astar,Grid A*,1.6265009156411205
grid_astar,Grid A*,1.2719745284658044
grid_astar,Grid A*,1.1838166081445864
grid_astar,Grid A*,1.064367092969616
grid_astar,Grid A*,1.0
grid_astar,Grid A*,1.029730241953252
grid_astar,Grid A*,1.081689245991522
grid_astar,Grid A*,1.0468361364690544
grid_astar,Grid A*,1.0796014550056907
grid_astar,Grid A*,1.3945577453447666
grid_astar,Grid A*,1.0981603832298896
grid_astar,Grid A*,1.2446373505656383
grid_astar,Grid A*,1.006581061111441
grid_astar,Grid A*,1.0703602900198752
grid_astar,Grid A*,1.0
grid_astar,Grid A*,1.078092564986539
grid_astar,Grid A*,1.0206682833029042
grid_astar,Grid A*,1.0667077304727417
grid_astar,Grid A*,1.379506692926022
grid_astar,Grid A*,1.0917895325530627
grid_astar,Grid A*,1.2230045210794351
grid_astar,Grid A*,1.068563820429852
grid_astar,Grid A*,1.058047064237798
grid_astar,Grid A*,1.1200625126143158
grid_astar,Grid A*,1.112776809031103
grid_astar,Grid A*,1.0
grid_astar,Grid A*,1.0541708016106872
grid_astar,Grid A*,1.167245328611375
grid_astar,Grid A*,1.0539344069859153
grid_astar,Grid A*,1.0482141216649996
grid_astar,Grid A*,1.0152372717477138
grid_astar,Grid A*,1.0073096175914102
grid_astar,Grid A*,1.202396511121905
grid_astar,Grid A*,1.0544955735639547
grid_astar,Grid A*,1.1154106369817627
grid_astar,Grid A*,1.190942026758887
grid_astar,Grid A*,1.0137323064326842
grid_astar,Grid A*,1.0319015500046727
grid_astar,Grid A*,1.0777811117093807
grid_astar,Grid A*,1.0129077243886735
grid_astar,Grid A*,1.0555718169393857
grid_astar,Grid A*,1.0802429148936692
grid_astar,Grid A*,1.0610810339796477
grid_astar,Grid A*,1.105548430542845
grid_astar,Grid A*,1.075428603128827
grid_astar,Grid A*,1.1124082109287126
grid_astar,Grid A*,1.0793326602519504
grid_astar,Grid A*,1.144865261715058
grid_astar,Grid A*,1.0905159283735604
grid_astar,Grid A*,1.0681549690529546
grid_astar,Grid A*,1.273060822055588
grid_astar,Grid A*,1.2386656218609773
grid_astar,Grid A*,1.079554592079013
grid_astar,Grid A*,1.071423461890525
grid_astar,Grid A*,1.3153660625710357
grid_astar,Grid A*,1.0565596593006643
grid_astar,Grid A*,1.0444829035490153
grid_astar,Grid A*,1.017503746639431
grid_astar,Grid A*,1.0149805010663944
grid_astar,Grid A*,1.023239003164453
grid_astar,Grid A*,1.0166008173384888
grid_astar,Grid A*,1.23333969669931
grid_astar,Grid A*,1.033718273765905
grid_astar,Grid A*,1.3273781899782708
grid_astar,Grid A*,1.0421689492000503
grid_astar,Grid A*,1.05678410351573
grid_astar,Grid A*,1.0
grid_astar,Grid A*,1.0315961981262485
grid_astar,Grid A*,1.0319515479538446
grid_astar,Grid A*,1.0844665355538798
grid_astar,Grid A*,1.0434007348983017
grid_astar,Grid A*,1.0254078016229669
grid_astar,Grid A*,1.1072346826544444
grid_astar,Grid A*,1.0804622594553293
grid_astar,Grid A*,1.0887127998157937
grid_astar,Grid A*,1.0774207225964632
grid_astar,Grid A*,1.0289768541806468
grid_astar,Grid A*,1.0792585722060837
grid_astar,Grid A*,1.0335799073359069
grid_astar,Grid A*,1.0808090707269018
grid_astar,Grid A*,1.098482327532089
grid_astar,Grid A*,1.0227145715269963
grid_astar,Grid A*,1.0400028654057507
grid_astar,Grid A*,1.0727057512344174
grid_astar,Grid A*,1.0707463310284817
grid_astar,Grid A*,1.0737629128039596
grid_astar,Grid A*,1.044094914189923
grid_astar,Grid A*,1.135773805536064
grid_astar,Grid A*,1.349538523322706
grid_astar,Grid A*,1.080717980121526
grid_astar,Grid A*,1.0470484935137065
grid_astar,Grid A*,1.0293332677455211
grid_astar,Grid A*,1.0975668978032966
grid_astar,Grid A*,1.0918011206031544
grid_astar,Grid A*,1.0775403854117886
grid_astar,Grid A*,1.330341136284795
grid_astar,Grid A*,1.0492111025545297
grid_astar,Grid A*,1.1679070202043382
grid_astar,Grid A*,1.0273001314292125
grid_astar,Grid A*,1.0766970293473046
grid_astar,Grid A*,1.0294621381940772
grid_astar,Grid A*,1.1167680833505966
grid_astar,Grid A*,1.014827196183904
grid_astar,Grid A*,1.0138623322411215
grid_astar,Grid A*,1.0548016374889235
grid_astar,Grid A*,1.0760247941475987
grid_astar,Grid A*,1.3207727761924517
grid_astar,Grid A*,1.0352461754721103
grid_astar,Grid A*,1.0892763662108063
grid_astar,Grid A*,1.229442345586912
grid_astar,Grid A*,1.1352299104271908
grid_astar,Grid A*,1.0479607914196432
grid_astar,Grid A*,1.2731276288307924
grid_astar,Grid A*,1.5979033186265075
grid_astar,Grid A*,1.085088594064271
grid_astar,Grid A*,1.0
grid_astar,Grid A*,1.0523910320438714
grid_astar,Grid A*,1.1713839460388478
grid_astar,Grid A*,1.0396839202572887
grid_astar,Grid A*,1.081709738969437
grid_astar,Grid A*,1.10065269924433
grid_astar,Grid A*,1.0107748535425867
grid_astar,Grid A*,1.0490127105842835
grid_astar,Grid A*,1.0919576156091682
grid_astar,Grid A*,1.2059443573388706
grid_astar,Grid A*,1.1783460604856077
grid_astar,Grid A*,1.3117695796815703
grid_astar,Grid A*,1.0556994820012984
grid_astar,Grid A*,1.1197013431611968
grid_astar,Grid A*,1.031101814520322
grid_astar,Grid A*,1.0418063614107762
grid_astar,Grid A*,1.0446378838699952
grid_astar,Grid A*,1.0251660323690002
grid_astar,Grid A*,1.0
grid_astar,Grid A*,1.2843121236599742
grid_astar,Grid A*,1.027406192744839
grid_astar,Grid A*,1.0788323016689847
grid_astar,Grid A*,1.1214373079086817
grid_astar,Grid A*,1.0435545415703325
grid_astar,Grid A*,1.1097091948155413
grid_astar,Grid A*,1.3228064667085282
grid_astar,Grid A*,1.041087096357156
grid_astar,Grid A*,1.1558314404709402
grid_astar,Grid A*,1.0076396604910391
grid_astar,Grid A*,1.013577580182429
grid_astar,Grid A*,1.2558092448541767
grid_astar,Grid A*,1.094709847193217
grid_astar,Grid A*,1.0482959666277383
grid_astar,Grid A*,1.0474909105875407
grid_astar,Grid A*,1.2437825840314018
grid_astar,Grid A*,1.37621609456203
grid_astar,Grid A*,1.125992099691104
grid_astar,Grid A*,1.0386842635638527
grid_astar,Grid A*,1.0641083711067376
grid_astar,Grid A*,1.0881836269203178
grid_astar,Grid A*,1.0252257873026425
grid_astar,Grid A*,1.0551123168469738
grid_astar,Grid A*,1.3744403151927351
grid_astar,Grid A*,1.1250187047839415
grid_astar,Grid A*,1.078963328287392
grid_astar,Grid A*,1.0758431158402
grid_astar,Grid A*,1.3350175208064066
grid_astar,Grid A*,1.026313462647027
grid_astar,Grid A*,1.0233193208227562
grid_astar,Grid A*,1.040227893414626
grid_astar,Grid A*,1.0720530979945846
grid_astar,Grid A*,1.178755681085498
grid_astar,Grid A*,1.25406003999423
grid_astar,Grid A*,1.0254662542904462
grid_astar,Grid A*,1.08354544387745
grid_astar,Grid A*,1.0327422511700124
grid_astar,Grid A*,1.0
grid_astar,Grid A*,1.076182073396966
grid_astar,Grid A*,1.0170144978840105
grid_astar,Grid A*,1.107226554048019
grid_astar,Grid A*,1.319718685185966
grid_astar,Grid A*,1.0769587869471349
grid_astar,Grid A*,1.0423063483626842
grid_astar,Grid A*,1.061689380915662
grid_astar,Grid A*,1.0911356387940776
grid_astar,Grid A*,1.0941689069792888
grid_astar,Grid A*,1.0080608408942733
grid_astar,Grid A*,1.0112075371987885
grid_astar,Grid A*,1.0466834176002624
grid_astar,Grid A*,1.0212356173581913
grid_astar,Grid A*,1.0960324568993793
grid_astar,Grid A*,1.2269805872562565
grid_astar,Grid A*,1.1894691241073265
grid_astar,Grid A*,1.1298424761793375
grid_astar,Grid A*,1.1633620335544816
grid_astar,Grid A*,1.0767006551228995
grid_astar,Grid A*,1.2758004789441457
grid_astar,Grid A*,1.08879345875635
grid_astar,Grid A*,1.026439528651763
grid_astar,Grid A*,1.088835043326585
grid_astar,Grid A*,1.0627191069553976
grid_astar,Grid A*,1.0466070373798309
grid_astar,Grid A*,1.068748244688045
grid_astar,Grid A*,1.0339434768754165
grid_astar,Grid A*,1.0488024384191912
grid_astar,Grid A*,1.0804966221361052
grid_astar,Grid A*,1.0084584892292259
grid_astar,Grid A*,1.4573379477965762
grid_astar,Grid A*,1.027511321740008
grid_astar,Grid A*,1.019435233403413
grid_astar,Grid A*,1.023393925798401
grid_astar,Grid A*,1.0776002403141391
grid_astar,Grid A*,1.088554474881145
grid_astar,Grid A*,1.081663397145887
grid_astar,Grid A*,1.1156620641543527
grid_astar,Grid A*,1.056556086790225
grid_astar,Grid A*,1.0668211566350012
grid_astar,Grid A*,1.0652841418034416
grid_astar,Grid A*,1.026172238943617
grid_astar,Grid A*,1.0186514762979864
grid_astar,Grid A*,1.0138937376113701
grid_astar,Grid A*,1.1298707057617419
grid_astar,Grid A*,1.0286928433598768
grid_astar,Grid A*,1.0
grid_astar,Grid A*,1.0946395306673538
grid_astar,Grid A*,1.018482581437261
grid_astar,Grid A*,1.0670773459720304
grid_astar,Grid A*,1.003953513666881
grid_astar,Grid A*,1.0131971821848016
grid_astar,Grid A*,1.0955610559424631
grid_astar,Grid A*,1.0428793627872497
grid_astar,Grid A*,1.0205348954154925
grid_astar,Grid A*,1.0649977442522383
grid_astar,Grid A*,1.0123899729248522
grid_astar,Grid A*,1.0433805073328166
grid_astar,Grid A*,1.0320991022918449
grid_astar,Grid A*,1.0446655147001505
grid_astar,Grid A*,1.3373628493723801
grid_astar,Grid A*,1.083126698280608
grid_astar,Grid A*,1.0588938563890737
grid_astar,Grid A*,1.173063508173742
grid_astar,Grid A*,1.0465369030601204
grid_astar,Grid A*,1.0258805243625588
grid_astar,Grid A*,1.015017176830897
grid_astar,Grid A*,1.0741349793987551
grid_astar,Grid A*,1.06930797636167
grid_astar,Grid A*,1.0091424241379015
grid_astar,Grid A*,1.0399243787133765
grid_astar,Grid A*,1.0463443210547565
grid_astar,Grid A*,1.0306842838595582
grid_astar,Grid A*,1.095836843525198
grid_astar,Grid A*,1.047047348602285
grid_astar,Grid A*,1.0788312912770317
grid_astar,Grid A*,1.19979019551602
grid_astar,Grid A*,1.075027817664267
grid_astar,Grid A*,1.1724386434945644
grid_astar,Grid A*,1.0904904068975512
grid_astar,Grid A*,1.0712451052862442
grid_astar,Grid A*,1.0425641792144609
grid_astar,Grid A*,1.0
grid_astar,Grid A*,1.2305260701850655
grid_astar,Grid A*,1.397606765176851
grid_astar,Grid A*,1.0398659977799871
grid_astar,Grid A*,1.2839076284832345
grid_astar,Grid A*,1.046419563291159
grid_astar,Grid A*,1.0496415045736476
grid_astar,Grid A*,1.3579723785969793
grid_astar,Grid A*,1.0492449480062733
grid_astar,Grid A*,1.2079931596877285
grid_astar,Grid A*,1.030567367826048
grid_astar,Grid A*,1.0577556023240122
grid_astar,Grid A*,1.079805143315875
grid_astar,Grid A*,1.0323003679424894
grid_astar,Grid A*,1.322136039147216
grid_astar,Grid A*,1.0
grid_astar,Grid A*,1.3260464260964389
grid_astar,Grid A*,1.3232512911856689
grid_astar,Grid A*,1.111891762021196
grid_astar,Grid A*,1.1535902228002481
grid_astar,Grid A*,1.0529644845856423
grid_astar,Grid A*,1.0193124110809215
grid_astar,Grid A*,1.0786359137765027
grid_astar,Grid A*,1.3787920278486268
grid_astar,Grid A*,1.094374936512963
grid_astar,Grid A*,1.0572319286054022
grid_astar,Grid A*,1.3132233418859671
grid_astar,Grid A*,1.0566192362528872
grid_astar,Grid A*,1.0374639573467561
grid_astar,Grid A*,1.0246069449626918
grid_astar,Grid A*,1.0334975460152482
grid_astar,Grid A*,1.2458579412206703
grid_astar,Grid A*,1.169643382489722
grid_astar,Grid A*,1.0161621426304548
grid_astar,Grid A*,1.2726200233642717
grid_astar,Grid A*,1.144011002267797
grid_astar,Grid A*,1.1545814957544984
grid_astar,Grid A*,1.1021216762214219
grid_astar,Grid A*,1.0413792800338537
grid_astar,Grid A*,1.0751987919357648
grid_astar,Grid A*,1.059319380255432
grid_astar,Grid A*,1.15613568567942
grid_astar,Grid A*,1.025204129649626
grid_astar,Grid A*,1.1642596407775805
grid_astar,Grid A*,1.091286662381761
grid_astar,Grid A*,1.2597930033295643
grid_astar,Grid A*,1.0934334967907395
grid_astar,Grid A*,1.0415569701334864
grid_astar,Grid A*,1.031888810695722
grid_astar,Grid A*,1.0790401962187954
grid_astar,Grid A*,1.065300518521626
grid_astar,Grid A*,1.31369028591833
grid_astar,Grid A*,1.1128267901181224
grid_astar,Grid A*,1.0784792005652135
grid_astar,Grid A*,1.0239572607716696
grid_astar,Grid A*,1.0846727569760026
grid_astar,Grid A*,1.2021023972123184
grid_astar,Grid A*,1.116046997179303
grid_astar,Grid A*,1.0683861319362826
grid_astar,Grid A*,1.0
grid_astar,Grid A*,1.0731806752004829
grid_astar,Grid A*,1.1122514437397524
grid_astar,Grid A*,1.0637747659363679
grid_astar,Grid A*,1.156398544215773
grid_astar,Grid A*,1.2731485781092813
grid_astar,Grid A*,1.1078162552011757
grid_astar,Grid A*,1.0768669860437208
grid_astar,Grid A*,1.0320413198970468
grid_astar,Grid A*,1.067703616600953
grid_astar,Grid A*,1.0707097936479655
grid_astar,Grid A*,1.0802212138707346
grid_astar,Grid A*,1.152739602890319
grid_astar,Grid A*,1.006968135070924
grid_dijkstra,Grid Dijkstra,1.3797556199459837
grid_dijkstra,Grid Dijkstra,1.1676348490163393
grid_dijkstra,Grid Dijkstra,1.0558693316505123
grid_dijkstra,Grid Dijkstra,1.0753302138077943
grid_dijkstra,Grid Dijkstra,1.057511875805796
grid_dijkstra,Grid Dijkstra,1.0750191906315412
grid_dijkstra,Grid Dijkstra,1.0896694025600977
grid_dijkstra,Grid Dijkstra,1.0829800738748812
grid_dijkstra,Grid Dijkstra,1.0438073713153304
grid_dijkstra,Grid Dijkstra,1.0290612843740847
grid_dijkstra,Grid Dijkstra,1.0497977421937836
grid_dijkstra,Grid Dijkstra,1.0136312705948685
grid_dijkstra,Grid Dijkstra,1.078463810462493
grid_dijkstra,Grid Dijkstra,1.080685832913306
grid_dijkstra,Grid Dijkstra,1.0299447487315716
grid_dijkstra,Grid Dijkstra,1.030007507884077
grid_dijkstra,Grid Dijkstra,1.0536636619603046
grid_dijkstra,Grid Dijkstra,1.2189561047462585
grid_dijkstra,Grid Dijkstra,1.0960303006709864
grid_dijkstra,Grid Dijkstra,1.045604860325447
grid_dijkstra,Grid Dijkstra,1.0171465768114667
grid_dijkstra,Grid Dijkstra,1.1261287855355233
grid_dijkstra,Grid Dijkstra,1.0
grid_dijkstra,Grid Dijkstra,1.0504339045134237
grid_dijkstra,Grid Dijkstra,1.3292993016308325
grid_dijkstra,Grid Dijkstra,1.0382729107125221
grid_dijkstra,Grid Dijkstra,1.0218850033699631
grid_dijkstra,Grid Dijkstra,1.3046868326899457
grid_dijkstra,Grid Dijkstra,1.0606460240794124
grid_dijkstra,Grid Dijkstra,1.029581362236493
grid_dijkstra,Grid Dijkstra,1.097754619264668
grid_dijkstra,Grid Dijkstra,1.0231907151648016
grid_dijkstra,Grid Dijkstra,1.8164628703211627
grid_dijkstra,Grid Dijkstra,1.0803918716012368
grid_dijkstra,Grid Dijkstra,1.0505245868649213
grid_dijkstra,Grid Dijkstra,1.0243305296447816
grid_dijkstra,Grid Dijkstra,1.2551595674735276
grid_dijkstra,Grid Dijkstra,1.0097652250173828
grid_dijkstra,Grid Dijkstra,1.0406251779507598
grid_dijkstra,Grid Dijkstra,1.026536525649494
grid_dijkstra,Grid Dijkstra,1.0194931562040246
grid_dijkstra,Grid Dijkstra,1.073671144618962
grid_dijkstra,Grid Dijkstra,1.0091026793269322
grid_dijkstra,Grid Dijkstra,1.1844020273529443
grid_dijkstra,Grid Dijkstra,1.1361906479489465
grid_dijkstra,Grid Dijkstra,1.0287558225481834
grid_dijkstra,Grid Dijkstra,1.026202421205081
grid_dijkstra,Grid Dijkstra,1.2332309521619818
grid_dijkstra,Grid Dijkstra,1.1664831313508957
grid_dijkstra,Grid Dijkstra,1.0168249044166702
grid_dijkstra,Grid Dijkstra,1.385912818494798
grid_dijkstra,Grid Dijkstra,1.0078560169595099
grid_dijkstra,Grid Dijkstra,1.083937201077543
grid_dijkstra,Grid Dijkstra,1.3514953629372137
grid_dijkstra,Grid Dijkstra,1.0718211023157618
grid_dijkstra,Grid Dijkstra,1.020261082532026
grid_dijkstra,Grid Dijkstra,1.0522645181977164
grid_dijkstra,Grid Dijkstra,1.058343051643576
grid_dijkstra,Grid Dijkstra,1.058619111504892
grid_dijkstra,Grid Dijkstra,1.0441340421171434
grid_dijkstra,Grid Dijkstra,1.0263733536845814
grid_dijkstra,Grid Dijkstra,1.1463204653173493
grid_dijkstra,Grid Dijkstra,1.1967665450488953
grid_dijkstra,Grid Dijkstra,1.1188137765335484
grid_dijkstra,Grid Dijkstra,1.0458429741567166
grid_dijkstra,Grid Dijkstra,1.187599203865326
grid_dijkstra,Grid Dijkstra,1.1630383796465946
grid_dijkstra,Grid Dijkstra,1.0828712242382972
grid_dijkstra,Grid Dijkstra,1.010559646357885
grid_dijkstra,Grid Dijkstra,1.0901165799629426
grid_dijkstra,Grid Dijkstra,1.0827412223445287
grid_dijkstra,Grid Dijkstra,1.3124481603308815
grid_dijkstra,Grid Dijkstra,1.0771684401852397
grid_dijkstra,Grid Dijkstra,1.0539700092152693
grid_dijkstra,Grid Dijkstra,1.218403230919574
grid_dijkstra,Grid Dijkstra,1.3200262212813474
grid_dijkstra,Grid Dijkstra,1.0659289232425235
grid_dijkstra,Grid Dijkstra,1.0666285061213003
grid_dijkstra,Grid Dijkstra,1.0286807576942152
grid_dijkstra,Grid Dijkstra,1.1333959875642325
grid_dijkstra,Grid Dijkstra,1.143359629056154
grid_dijkstra,Grid Dijkstra,1.0800941285072763
grid_dijkstra,Grid Dijkstra,1.327871689782565
grid_dijkstra,Grid Dijkstra,1.07848518421516
grid_dijkstra,Grid Dijkstra,1.0490443592989571
grid_dijkstra,Grid Dijkstra,1.0685134281170023
grid_dijkstra,Grid Dijkstra,1.1188790074241572
grid_dijkstra,Grid Dijkstra,1.1602230662111006
grid_dijkstra,Grid Dijkstra,1.0719662761093318
grid_dijkstra,Grid Dijkstra,1.059937515486003
grid_dijkstra,Grid Dijkstra,1.0169666851888621
grid_dijkstra,Grid Dijkstra,1.0365444847235132
grid_dijkstra,Grid Dijkstra,1.0796529819203728
grid_dijkstra,Grid Dijkstra,1.0797740637289432
grid_dijkstra,Grid Dijkstra,1.0245950589439776
grid_dijkstra,Grid Dijkstra,1.0617757405092334
grid_dijkstra,Grid Dijkstra,1.1282276313530246
grid_dijkstra,Grid Dijkstra,1.0120809664161146
grid_dijkstra,Grid Dijkstra,1.0
grid_dijkstra,Grid Dijkstra,1.276720682498622
grid_dijkstra,Grid Dijkstra,1.0734279295639961
grid_dijkstra,Grid Dijkstra,1.0384107955265398
grid_dijkstra,Grid Dijkstra,1.0243394771138872
grid_dijkstra,Grid Dijkstra,1.0795840474053104
grid_dijkstra,Grid Dijkstra,1.2704911181888294
grid_dijkstra,Grid Dijkstra,1.0174069901579565
grid_dijkstra,Grid Dijkstra,1.0514627238975245
grid_dijkstra,Grid Dijkstra,1.026883685434657
grid_dijkstra,Grid Dijkstra,1.330603488409949
grid_dijkstra,Grid Dijkstra,1.028764226389935
grid_dijkstra,Grid Dijkstra,1.0576123024044612
grid_dijkstra,Grid Dijkstra,1.0787507407404349
grid_dijkstra,Grid Dijkstra,1.0612685873509238
grid_dijkstra,Grid Dijkstra,1.0329707944542346
grid_dijkstra,Grid Dijkstra,1.052018935339866
grid_dijkstra,Grid Dijkstra,1.0742410905739463
grid_dijkstra,Grid Dijkstra,1.1150235384449545
grid_dijkstra,Grid Dijkstra,1.0660606132489947
grid_dijkstra,Grid Dijkstra,1.0940264198707168
grid_dijkstra,Grid Dijkstra,1.2593733309810393
grid_dijkstra,Grid Dijkstra,1.0788682724480378
grid_dijkstra,Grid Dijkstra,1.1279322870793622
grid_dijkstra,Grid Dijkstra,1.1708448874942599
grid_dijkstra,Grid Dijkstra,1.0398193082817822
grid_dijkstra,Grid Dijkstra,1.0813974457282973
grid_dijkstra,Grid Dijkstra,1.2065768441073188
grid_dijkstra,Grid Dijkstra,1.092343126601533
grid_dijkstra,Grid Dijkstra,1.012499130014694
grid_dijkstra,Grid Dijkstra,1.0242507812116162
grid_dijkstra,Grid Dijkstra,1.056690733027802
grid_dijkstra,Grid Dijkstra,1.1663866630453306
grid_dijkstra,Grid Dijkstra,1.1062580335448635
grid_dijkstra,Grid Dijkstra,1.0497545523007008
grid_dijkstra,Grid Dijkstra,1.2164143557863072
grid_dijkstra,Grid Dijkstra,1.0395276072895339
grid_dijkstra,Grid Dijkstra,1.1134676604232066
grid_dijkstra,Grid Dijkstra,1.0517869537103877
grid_dijkstra,Grid Dijkstra,1.0323136282567067
grid_dijkstra,Grid Dijkstra,1.2511543087987727
grid_dijkstra,Grid Dijkstra,1.0309540152027428
grid_dijkstra,Grid Dijkstra,1.0696072105441123
grid_dijkstra,Grid Dijkstra,1.0853549398184423
grid_dijkstra,Grid Dijkstra,1.0784583887715065
grid_dijkstra,Grid Dijkstra,1.0791334307193836
grid_dijkstra,Grid Dijkstra,1.053515364013654
grid_dijkstra,Grid Dijkstra,1.0321298784716464
grid_dijkstra,Grid Dijkstra,1.1265013908341905
grid_dijkstra,Grid Dijkstra,1.0289924314467844
grid_dijkstra,Grid Dijkstra,1.0384632274763879
grid_dijkstra,Grid Dijkstra,1.0473584404003067
grid_dijkstra,Grid Dijkstra,1.0415958788419835
grid_dijkstra,Grid Dijkstra,1.1468446506306111
grid_dijkstra,Grid Dijkstra,1.0675518760805982
grid_dijkstra,Grid Dijkstra,1.1298258478166352
grid_dijkstra,Grid Dijkstra,1.0
grid_dijkstra,Grid Dijkstra,1.0909111220812953
grid_dijkstra,Grid Dijkstra,1.0342121646869837
grid_dijkstra,Grid Dijkstra,1.0782592764789785
grid_dijkstra,Grid Dijkstra,1.1281393061260439
grid_dijkstra,Grid Dijkstra,1.0626027374005793
grid_dijkstra,Grid Dijkstra,1.0526643349574845
grid_dijkstra,Grid Dijkstra,1.059007965455022
grid_dijkstra,Grid Dijkstra,1.0774543617812387
grid_dijkstra,Grid Dijkstra,1.0753186461358613
grid_dijkstra,Grid Dijkstra,1.0856738318582482
grid_dijkstra,Grid Dijkstra,1.0215923793291342
grid_dijkstra,Grid Dijkstra,1.3615572127859994
grid_dijkstra,Grid Dijkstra,1.126313045591474
grid_dijkstra,Grid Dijkstra,1.2593140604673756
grid_dijkstra,Grid Dijkstra,1.0455660473402988
grid_dijkstra,Grid Dijkstra,1.0143850761992876
grid_dijkstra,Grid Dijkstra,1.1095332104295004
grid_dijkstra,Grid Dijkstra,1.0290428311015585
grid_dijkstra,Grid Dijkstra,1.2175984080843418
grid_dijkstra,Grid Dijkstra,1.0410258675265356
grid_dijkstra,Grid Dijkstra,1.0781453386588398
grid_dijkstra,Grid Dijkstra,1.0706120694385288
grid_dijkstra,Grid Dijkstra,1.0
grid_dijkstra,Grid Dijkstra,1.0
grid_dijkstra,Grid Dijkstra,1.2698985907423797
grid_dijkstra,Grid Dijkstra,1.1098745179408098
grid_dijkstra,Grid Dijkstra,1.1177314900392916
grid_dijkstra,Grid Dijkstra,1.0772155546587183
grid_dijkstra,Grid Dijkstra,1.0200511791435205
grid_dijkstra,Grid Dijkstra,1.1189166374318555
grid_dijkstra,Grid Dijkstra,1.42344870259658
grid_dijkstra,Grid Dijkstra,1.0714516219393093
grid_dijkstra,Grid Dijkstra,1.0767498220099407
grid_dijkstra,Grid Dijkstra,1.0821081462235949
grid_dijkstra,Grid Dijkstra,1.0718289449279383
grid_dijkstra,Grid Dijkstra,1.1671044839376619
grid_dijkstra,Grid Dijkstra,1.014701860712328
grid_dijkstra,Grid Dijkstra,1.3887654740851607
grid_dijkstra,Grid Dijkstra,1.009496537716576
grid_dijkstra,Grid Dijkstra,1.355520236970642
grid_dijkstra,Grid Dijkstra,1.234912479797502
grid_dijkstra,Grid Dijkstra,1.0583647093245099
grid_dijkstra,Grid Dijkstra,1.1503496108359916
grid_dijkstra,Grid Dijkstra,1.0334099637118201
grid_dijkstra,Grid Dijkstra,1.023721579197028
grid_dijkstra,Grid Dijkstra,1.023286203037915
grid_dijkstra,Grid Dijkstra,1.0640938661799622
grid_dijkstra,Grid Dijkstra,1.1259249717120623
grid_dijkstra,Grid Dijkstra,1.6839948838262804
grid_dijkstra,Grid Dijkstra,1.134533161665945
grid_dijkstra,Grid Dijkstra,1.1323055047843165
grid_dijkstra,Grid Dijkstra,1.0708903305161797
grid_dijkstra,Grid Dijkstra,1.0074203105112072
grid_dijkstra,Grid Dijkstra,1.0790649095634637
grid_dijkstra,Grid Dijkstra,1.048327649414365
grid_dijkstra,Grid Dijkstra,1.0908607322103376
grid_dijkstra,Grid Dijkstra,1.0354209841752926
grid_dijkstra,Grid Dijkstra,1.0121425023720791
grid_dijkstra,Grid Dijkstra,1.0489775760324238
grid_dijkstra,Grid Dijkstra,1.0814028088661547
grid_dijkstra,Grid Dijkstra,1.342659015777293
grid_dijkstra,Grid Dijkstra,1.032226896581349
grid_dijkstra,Grid Dijkstra,1.1009177810597253
grid_dijkstra,Grid Dijkstra,1.0799780901642753
grid_dijkstra,Grid Dijkstra,1.0521519122879432
grid_dijkstra,Grid Dijkstra,1.0312161785285099
grid_dijkstra,Grid Dijkstra,1.1141278546323161
grid_dijkstra,Grid Dijkstra,1.0190851061768527
grid_dijkstra,Grid Dijkstra,1.1412757115787537
grid_dijkstra,Grid Dijkstra,1.0651603263018343
grid_dijkstra,Grid Dijkstra,1.4224153951733478
grid_dijkstra,Grid Dijkstra,1.2693479249336894
grid_dijkstra,Grid Dijkstra,1.021602540844934
grid_dijkstra,Grid Dijkstra,1.1368336799281118
grid_dijkstra,Grid Dijkstra,1.0622005023075198
grid_dijkstra,Grid Dijkstra,1.032479050659565
grid_dijkstra,Grid Dijkstra,1.020387559036115
grid_dijkstra,Grid Dijkstra,1.079751388142785
grid_dijkstra,Grid Dijkstra,1.0293265449333926
grid_dijkstra,Grid Dijkstra,1.01232869076426
grid_dijkstra,Grid Dijkstra,1.1424339932843148
grid_dijkstra,Grid Dijkstra,1.022647649832134
grid_dijkstra,Grid Dijkstra,1.2914171591939274
grid_dijkstra,Grid Dijkstra,1.0891217535591842
grid_dijkstra,Grid Dijkstra,1.0755457358169107
grid_dijkstra,Grid Dijkstra,1.0677199956984484
grid_dijkstra,Grid Dijkstra,1.0504507791708615
grid_dijkstra,Grid Dijkstra,1.0711038025095163
grid_dijkstra,Grid Dijkstra,1.0847554881333583
grid_dijkstra,Grid Dijkstra,1.2389031760772309
grid_dijkstra,Grid Dijkstra,1.3808825619444642
grid_dijkstra,Grid Dijkstra,1.117637104395658
grid_dijkstra,Grid Dijkstra,1.039571465824758
grid_dijkstra,Grid Dijkstra,1.2556504451293589
grid_dijkstra,Grid Dijkstra,1.018891316372483
grid_dijkstra,Grid Dijkstra,1.037778349790841
grid_dijkstra,Grid Dijkstra,1.066656983524907
grid_dijkstra,Grid Dijkstra,1.022681120138971
grid_dijkstra,Grid Dijkstra,1.0383158678976951
grid_dijkstra,Grid Dijkstra,1.0799896606143962
grid_dijkstra,Grid Dijkstra,1.0055376145710067
grid_dijkstra,Grid Dijkstra,1.0329260480913045
grid_dijkstra,Grid Dijkstra,1.0323993733267334
grid_dijkstra,Grid Dijkstra,1.0233058230972916
grid_dijkstra,Grid Dijkstra,1.0832433696986348
grid_dijkstra,Grid Dijkstra,1.0858017409628762
grid_dijkstra,Grid Dijkstra,1.0815353332297462
grid_dijkstra,Grid Dijkstra,1.0684183919604657
grid_dijkstra,Grid Dijkstra,1.0
grid_dijkstra,Grid Dijkstra,1.0430860622770932
grid_dijkstra,Grid Dijkstra,1.0655484628211205
grid_dijkstra,Grid Dijkstra,1.1008422810137481
grid_dijkstra,Grid Dijkstra,1.014684537283745
grid_dijkstra,Grid Dijkstra,1.0
grid_dijkstra,Grid Dijkstra,1.0567556270742278
grid_dijkstra,Grid Dijkstra,1.1410057550585853
grid_dijkstra,Grid Dijkstra,1.0369171397878427
grid_dijkstra,Grid Dijkstra,1.0315590463499984
grid_dijkstra,Grid Dijkstra,1.0229464856136523
grid_dijkstra,Grid Dijkstra,1.0735317507047484
grid_dijkstra,Grid Dijkstra,1.0670013530520102
grid_dijkstra,Grid Dijkstra,1.0252727779725026
grid_dijkstra,Grid Dijkstra,1.0184225039323882
grid_dijkstra,Grid Dijkstra,1.0829252829476488
grid_dijkstra,Grid Dijkstra,1.0866949528054688
grid_dijkstra,Grid Dijkstra,1.0674853492912404
grid_dijkstra,Grid Dijkstra,1.0589425291876153
grid_dijkstra,Grid Dijkstra,1.0611680746803929
grid_dijkstra,Grid Dijkstra,1.039473247949871
grid_dijkstra,Grid Dijkstra,1.040281422214073
grid_dijkstra,Grid Dijkstra,1.0601504818141454
grid_dijkstra,Grid Dijkstra,1.1098430032779147
grid_dijkstra,Grid Dijkstra,1.0361298091492925
grid_dijkstra,Grid Dijkstra,1.0116773237630257
grid_dijkstra,Grid Dijkstra,1.056841077830291
grid_dijkstra,Grid Dijkstra,1.0700799129330396
grid_dijkstra,Grid Dijkstra,1.030330403310613
grid_dijkstra,Grid Dijkstra,1.068980130670226
grid_dijkstra,Grid Dijkstra,1.2638414995316396
grid_dijkstra,Grid Dijkstra,1.029348974135085
grid_dijkstra,Grid Dijkstra,1.071952970317481
grid_dijkstra,Grid Dijkstra,1.0900694839983953
grid_dijkstra,Grid Dijkstra,1.0533628987425943
grid_dijkstra,Grid Dijkstra,1.0776105734050767
grid_dijkstra,Grid Dijkstra,1.2493723135214587
grid_dijkstra,Grid Dijkstra,1.12594471771522
grid_dijkstra,Grid Dijkstra,1.0269616868746252
grid_dijkstra,Grid Dijkstra,1.0227097138987373
grid_dijkstra,Grid Dijkstra,1.0631833628332479
grid_dijkstra,Grid Dijkstra,1.1332589078308275
grid_dijkstra,Grid Dijkstra,1.2050341955164126
grid_dijkstra,Grid Dijkstra,1.0933131572621557
grid_dijkstra,Grid Dijkstra,1.0728198833534381
grid_dijkstra,Grid Dijkstra,1.0327100995824157
grid_dijkstra,Grid Dijkstra,1.1791589624022512
grid_dijkstra,Grid Dijkstra,1.021808605261052
grid_dijkstra,Grid Dijkstra,1.0268082728782426
grid_dijkstra,Grid Dijkstra,1.0227279527642577
grid_dijkstra,Grid Dijkstra,1.0287706053459913
grid_dijkstra,Grid Dijkstra,1.1773558600686642
grid_dijkstra,Grid Dijkstra,1.0214135102963724
grid_dijkstra,Grid Dijkstra,1.0553253905255373
grid_dijkstra,Grid Dijkstra,1.1548439256113465
grid_dijkstra,Grid Dijkstra,1.0657223753510148
grid_dijkstra,Grid Dijkstra,1.079253531682796
grid_dijkstra,Grid Dijkstra,1.225359895218416
grid_dijkstra,Grid Dijkstra,1.122118655028711
grid_dijkstra,Grid Dijkstra,1.0766746590104617
grid_dijkstra,Grid Dijkstra,1.0351319234282632
grid_dijkstra,Grid Dijkstra,1.173108151654975
grid_dijkstra,Grid Dijkstra,1.1010032840697832
grid_dijkstra,Grid Dijkstra,1.078017058372105
grid_dijkstra,Grid Dijkstra,1.069351062331029
grid_dijkstra,Grid Dijkstra,1.0488028750201266
grid_dijkstra,Grid Dijkstra,1.2896046842094484
grid_dijkstra,Grid Dijkstra,1.0487418704784746
grid_dijkstra,Grid Dijkstra,1.1275298460109653
grid_dijkstra,Grid Dijkstra,1.0436430988674947
grid_dijkstra,Grid Dijkstra,1.035357557524062
grid_dijkstra,Grid Dijkstra,1.1375499877857176
grid_dijkstra,Grid Dijkstra,1.0761055553698673
grid_dijkstra,Grid Dijkstra,1.3604120559841233
grid_dijkstra,Grid Dijkstra,1.2443980905672511
grid_dijkstra,Grid Dijkstra,1.1769639760858939
grid_dijkstra,Grid Dijkstra,1.2227170627366377
grid_dijkstra,Grid Dijkstra,1.0881876124518055
grid_dijkstra,Grid Dijkstra,1.045689745433017
grid_dijkstra,Grid Dijkstra,1.1123506263257503
grid_dijkstra,Grid Dijkstra,1.1299923194751442
grid_dijkstra,Grid Dijkstra,1.0130242196757389
grid_dijkstra,Grid Dijkstra,1.0339032974473736
grid_dijkstra,Grid Dijkstra,1.115662348227486
grid_dijkstra,Grid Dijkstra,1.0207770808804655
grid_dijkstra,Grid Dijkstra,1.0715757882885333
grid_dijkstra,Grid Dijkstra,1.0549154273803936
grid_dijkstra,Grid Dijkstra,1.3991891307799316
grid_dijkstra,Grid Dijkstra,1.1118701573337735
grid_dijkstra,Grid Dijkstra,1.074758181895711
grid_dijkstra,Grid Dijkstra,1.061012577443512
grid_dijkstra,Grid Dijkstra,1.2542762976103385
grid_dijkstra,Grid Dijkstra,1.2377850963725168
grid_dijkstra,Grid Dijkstra,1.0378813597528715
grid_dijkstra,Grid Dijkstra,1.0022601197250538
grid_dijkstra,Grid Dijkstra,1.053640642529722
grid_dijkstra,Grid Dijkstra,1.1275168354947733
grid_dijkstra,Grid Dijkstra,1.0231704961080503
grid_dijkstra,Grid Dijkstra,1.0646955448264432
grid_dijkstra,Grid Dijkstra,1.0796650534119279
grid_dijkstra,Grid Dijkstra,1.1156883321617597
grid_dijkstra,Grid Dijkstra,1.3045615818629417
grid_dijkstra,Grid Dijkstra,1.048501234604102
grid_dijkstra,Grid Dijkstra,1.048311966523519
grid_dijkstra,Grid Dijkstra,1.0801515290774184
grid_dijkstra,Grid Dijkstra,1.082970393208537
grid_dijkstra,Grid Dijkstra,1.2846749211910602
grid_dijkstra,Grid Dijkstra,1.0754247678477926
grid_dijkstra,Grid Dijkstra,1.2368526845886583
grid_dijkstra,Grid Dijkstra,1.0695864172645806
grid_dijkstra,Grid Dijkstra,1.054508224116355
grid_dijkstra,Grid Dijkstra,1.069549538565047
grid_dijkstra,Grid Dijkstra,1.076286501920778
grid_dijkstra,Grid Dijkstra,1.0329932367129986
grid_dijkstra,Grid Dijkstra,1.3312473107364609
grid_dijkstra,Grid Dijkstra,1.2384132245489148
grid_dijkstra,Grid Dijkstra,1.2341479860027849
grid_dijkstra,Grid Dijkstra,1.0692540465844171
grid_dijkstra,Grid Dijkstra,1.0501916889560128
grid_dijkstra,Grid Dijkstra,1.0780765155063698
grid_dijkstra,Grid Dijkstra,1.0365318487544977
grid_dijkstra,Grid Dijkstra,1.0776955198994704
grid_dijkstra,Grid Dijkstra,1.0606237050694798
grid_dijkstra,Grid Dijkstra,1.200892380400194
grid_dijkstra,Grid Dijkstra,1.0413608410954418
grid_dijkstra,Grid Dijkstra,1.0635233003132325
grid_dijkstra,Grid Dijkstra,1.003762004560184
grid_dijkstra,Grid Dijkstra,1.0538525082363401
grid_dijkstra,Grid Dijkstra,1.2805201055829558
grid_dijkstra,Grid Dijkstra,1.0781682766901644
grid_dijkstra,Grid Dijkstra,1.0
grid_dijkstra,Grid Dijkstra,1.0803259873703388
grid_dijkstra,Grid Dijkstra,1.0392352885543914
grid_dijkstra,Grid Dijkstra,1.0576611381733694
grid_dijkstra,Grid Dijkstra,1.0393391218649735
grid_dijkstra,Grid Dijkstra,1.037226962053024
grid_dijkstra,Grid Dijkstra,1.046968633610327
grid_dijkstra,Grid Dijkstra,1.0495572877352952
grid_dijkstra,Grid Dijkstra,1.094971786558921
grid_dijkstra,Grid Dijkstra,1.0295146463378848
grid_dijkstra,Grid Dijkstra,1.3323859595740457
grid_dijkstra,Grid Dijkstra,1.0754310888396899
grid_dijkstra,Grid Dijkstra,1.0997307866081407
grid_dijkstra,Grid Dijkstra,1.020895408260624
grid_dijkstra,Grid Dijkstra,1.6696047315192897
grid_dijkstra,Grid Dijkstra,1.078855751552139
grid_dijkstra,Grid Dijkstra,1.0
grid_dijkstra,Grid Dijkstra,1.0494714187785417
grid_dijkstra,Grid Dijkstra,1.089704404632088
grid_dijkstra,Grid Dijkstra,1.051363115919623
grid_dijkstra,Grid Dijkstra,1.0744615543525504
grid_dijkstra,Grid Dijkstra,1.0708970929805546
grid_dijkstra,Grid Dijkstra,1.017145041927861
grid_dijkstra,Grid Dijkstra,1.0138940520527142
grid_dijkstra,Grid Dijkstra,1.0759576963656752
grid_dijkstra,Grid Dijkstra,1.0619862098187662
grid_dijkstra,Grid Dijkstra,1.024381263153405
grid_dijkstra,Grid Dijkstra,1.142141391775325
grid_dijkstra,Grid Dijkstra,1.0830507218563046
grid_dijkstra,Grid Dijkstra,1.2849678573712924
grid_dijkstra,Grid Dijkstra,1.1295682551467865
grid_dijkstra,Grid Dijkstra,1.0850905671910336
grid_dijkstra,Grid Dijkstra,1.0884098985650412
grid_dijkstra,Grid Dijkstra,1.032307033401042
grid_dijkstra,Grid Dijkstra,1.0312343947540978
grid_dijkstra,Grid Dijkstra,1.11633675664292
grid_dijkstra,Grid Dijkstra,1.0934015835178947
grid_dijkstra,Grid Dijkstra,1.0491075982692237
grid_dijkstra,Grid Dijkstra,1.032806090953197
grid_dijkstra,Grid Dijkstra,1.0327945733195418
grid_dijkstra,Grid Dijkstra,1.01927584606405
grid_dijkstra,Grid Dijkstra,1.0823066431897834
grid_dijkstra,Grid Dijkstra,1.1529812408641003
grid_dijkstra,Grid Dijkstra,1.0
grid_dijkstra,Grid Dijkstra,1.1385314863099838
grid_dijkstra,Grid Dijkstra,1.0391767015942537
grid_dijkstra,Grid Dijkstra,1.1181467873648714
grid_dijkstra,Grid Dijkstra,1.0712225377812972
grid_dijkstra,Grid Dijkstra,1.0
grid_dijkstra,Grid Dijkstra,1.0708843608269396
grid_dijkstra,Grid Dijkstra,1.2653067764781074
grid_dijkstra,Grid Dijkstra,1.094368764623256
grid_dijkstra,Grid Dijkstra,1.03022701498073
grid_dijkstra,Grid Dijkstra,1.254121048975877
grid_dijkstra,Grid Dijkstra,1.0358411585371006
grid_dijkstra,Grid Dijkstra,1.1215395022151942
grid_dijkstra,Grid Dijkstra,1.1023374189299662
grid_dijkstra,Grid Dijkstra,1.0400600440144967
grid_dijkstra,Grid Dijkstra,1.039455120183742
grid_dijkstra,Grid Dijkstra,1.0778739067321848
grid_dijkstra,Grid Dijkstra,1.0537535497145392
grid_dijkstra,Grid Dijkstra,1.123871185405807
grid_dijkstra,Grid Dijkstra,1.0522524805922295
grid_dijkstra,Grid Dijkstra,1.0456947773771288
grid_dijkstra,Grid Dijkstra,1.0528200739152624
grid_dijkstra,Grid Dijkstra,1.0467011148215561
grid_dijkstra,Grid Dijkstra,1.209548228701343
grid_dijkstra,Grid Dijkstra,1.0815568779606055
grid_dijkstra,Grid Dijkstra,1.038621994544702
grid_dijkstra,Grid Dijkstra,1.0
grid_dijkstra,Grid Dijkstra,1.0993388224900742
grid_dijkstra,Grid Dijkstra,1.0144132127814116
grid_dijkstra,Grid Dijkstra,1.060096113198882
grid_dijkstra,Grid Dijkstra,1.0712168155744795
grid_dijkstra,Grid Dijkstra,1.1465233621114794
grid_dijkstra,Grid Dijkstra,1.4275693129496592
grid_dijkstra,Grid Dijkstra,1.029269492208233
grid_dijkstra,Grid Dijkstra,1.079579377188231
grid_dijkstra,Grid Dijkstra,1.078598186486976
grid_dijkstra,Grid Dijkstra,1.0134527495693286
grid_dijkstra,Grid Dijkstra,1.0733619306446183
grid_dijkstra,Grid Dijkstra,1.1621709152729132
grid_dijkstra,Grid Dijkstra,1.007991096647503
grid_dijkstra,Grid Dijkstra,1.0202375652788416
grid_dijkstra,Grid Dijkstra,1.0840672590136944
grid_dijkstra,Grid Dijkstra,1.0779210015359846
grid_dijkstra,Grid Dijkstra,1.0062469620918197
grid_dijkstra,Grid Dijkstra,1.0630126431810607
grid_dijkstra,Grid Dijkstra,1.032982979507126
grid_dijkstra,Grid Dijkstra,1.1153712501822006
grid_dijkstra,Grid Dijkstra,1.0436468219176882
grid_dijkstra,Grid Dijkstra,1.1141146548393592
grid_dijkstra,Grid Dijkstra,1.0603294353577468
grid_dijkstra,Grid Dijkstra,1.075777482132091
grid_dijkstra,Grid Dijkstra,1.034337173368399
grid_dijkstra,Grid Dijkstra,1.1457388586653796
grid_dijkstra,Grid Dijkstra,1.2166783100607352
grid_dijkstra,Grid Dijkstra,1.0375830402945194
grid_dijkstra,Grid Dijkstra,1.025723059630729
grid_dijkstra,Grid Dijkstra,1.080546473753808
grid_dijkstra,Grid Dijkstra,1.228601401648335
grid_dijkstra,Grid Dijkstra,1.4836917316663831
grid_dijkstra,Grid Dijkstra,1.0849570416543606
grid_dijkstra,Grid Dijkstra,1.047850999592436
grid_dijkstra,Grid Dijkstra,1.2363249508522112
grid_dijkstra,Grid Dijkstra,1.078900858493158
grid_dijkstra,Grid Dijkstra,1.0442652251327498
grid_dijkstra,Grid Dijkstra,1.0962443843175127
grid_dijkstra,Grid Dijkstra,1.2247679012816937
grid_dijkstra,Grid Dijkstra,1.0906872590224328
grid_dijkstra,Grid Dijkstra,1.0800223129543332
grid_dijkstra,Grid Dijkstra,1.0440735473646687
grid_dijkstra,Grid Dijkstra,1.1536007751905
grid_dijkstra,Grid Dijkstra,1.007812427904792
grid_dijkstra,Grid Dijkstra,1.2809679546384272
grid_dijkstra,Grid Dijkstra,1.195789453024763
grid_dijkstra,Grid Dijkstra,1.6538128974051072
grid_dijkstra,Grid Dijkstra,1.0799475646648613
grid_dijkstra,Grid Dijkstra,1.0089963173620056
grid_dijkstra,Grid Dijkstra,1.361208967987918
grid_dijkstra,Grid Dijkstra,1.0597205229646658
grid_dijkstra,Grid Dijkstra,1.326203916022092
grid_dijkstra,Grid Dijkstra,1.0403665799797936
grid_dijkstra,Grid Dijkstra,1.0714057972082442
grid_dijkstra,Grid Dijkstra,1.0207153015030537
grid_dijkstra,Grid Dijkstra,1.066946309020775
grid_dijkstra,Grid Dijkstra,1.0141262988131063
grid_dijkstra,Grid Dijkstra,1.0779129768713116
grid_dijkstra,Grid Dijkstra,1.2671536271468467
grid_dijkstra,Grid Dijkstra,1.0533514135184692
grid_dijkstra,Grid Dijkstra,1.0680679371564386
grid_dijkstra,Grid Dijkstra,1.2536436745772817
grid_dijkstra,Grid Dijkstra,1.3221523298054192
grid_dijkstra,Grid Dijkstra,1.0764724105164067
grid_dijkstra,Grid Dijkstra,1.028937790718601
grid_dijkstra,Grid Dijkstra,1.0458979550692595
grid_dijkstra,Grid Dijkstra,1.0
grid_dijkstra,Grid Dijkstra,1.0702846682615352
grid_dijkstra,Grid Dijkstra,1.0917100672101885
grid_dijkstra,Grid Dijkstra,1.0613430121816572
grid_dijkstra,Grid Dijkstra,1.2179604834271678
grid_dijkstra,Grid Dijkstra,1.0962521339735511
grid_dijkstra,Grid Dijkstra,1.0986587059827084
grid_dijkstra,Grid Dijkstra,1.0176446226082327
grid_dijkstra,Grid Dijkstra,1.029491678961673
grid_dijkstra,Grid Dijkstra,1.091770744425246
grid_dijkstra,Grid Dijkstra,1.0612702412197226
grid_dijkstra,Grid Dijkstra,1.3134944913344655
grid_dijkstra,Grid Dijkstra,1.045161852787277
grid_dijkstra,Grid Dijkstra,1.0717902298983737
grid_dijkstra,Grid Dijkstra,1.011659381143663
grid_dijkstra,Grid Dijkstra,1.0245733720234067
grid_dijkstra,Grid Dijkstra,1.0344988912450341
grid_dijkstra,Grid Dijkstra,1.0446044126715406
grid_dijkstra,Grid Dijkstra,1.0790245742409785
grid_dijkstra,Grid Dijkstra,1.04521117112335
grid_dijkstra,Grid Dijkstra,1.1699779629287066
grid_dijkstra,Grid Dijkstra,1.3696584828073397
grid_dijkstra,Grid Dijkstra,1.0801391964974472
grid_dijkstra,Grid Dijkstra,1.0150675215061795
grid_dijkstra,Grid Dijkstra,1.1137331543225242
grid_dijkstra,Grid Dijkstra,1.0
grid_dijkstra,Grid Dijkstra,1.051360648431046
grid_dijkstra,Grid Dijkstra,1.0406224429277733
grid_dijkstra,Grid Dijkstra,1.0250186384109226
grid_dijkstra,Grid Dijkstra,1.01982050644208
grid_dijkstra,Grid Dijkstra,1.0825050300606063
grid_dijkstra,Grid Dijkstra,1.050137858902126
grid_dijkstra,Grid Dijkstra,1.0788979473535096
grid_dijkstra,Grid Dijkstra,1.0834812753146963
grid_dijkstra,Grid Dijkstra,1.0672583873641657
grid_dijkstra,Grid Dijkstra,1.023802798378838
grid_dijkstra,Grid Dijkstra,1.0781595282146668
grid_dijkstra,Grid Dijkstra,1.079409750371059
grid_dijkstra,Grid Dijkstra,1.1245854807886617
grid_dijkstra,Grid Dijkstra,1.075359635854727
grid_dijkstra,Grid Dijkstra,1.1432015047490913
grid_dijkstra,Grid Dijkstra,1.0834444385208395
grid_dijkstra,Grid Dijkstra,1.0261523732031461
grid_dijkstra,Grid Dijkstra,1.3491511466140567
grid_dijkstra,Grid Dijkstra,1.021750703622863
grid_dijkstra,Grid Dijkstra,1.044063518843584
grid_dijkstra,Grid Dijkstra,1.0353764060038886
grid_dijkstra,Grid Dijkstra,1.0085933263711
grid_dijkstra,Grid Dijkstra,1.0858772387569682
grid_dijkstra,Grid Dijkstra,1.0514623127224514
grid_dijkstra,Grid Dijkstra,1.2466318940334955
grid_dijkstra,Grid Dijkstra,1.0839840492854134
grid_dijkstra,Grid Dijkstra,1.0590511512171004
grid_dijkstra,Grid Dijkstra,1.0361322841479845
grid_dijkstra,Grid Dijkstra,1.0906463294769522
grid_dijkstra,Grid Dijkstra,1.053305557862789
grid_dijkstra,Grid Dijkstra,1.0549669909466781
grid_dijkstra,Grid Dijkstra,1.3108591150296407
grid_dijkstra,Grid Dijkstra,1.1993698878970471
grid_dijkstra,Grid Dijkstra,1.034993600559895
grid_dijkstra,Grid Dijkstra,1.0295480590063313
grid_dijkstra,Grid Dijkstra,1.1518924937809571
grid_dijkstra,Grid Dijkstra,1.1541288768926872
grid_dijkstra,Grid Dijkstra,1.368122367892286
grid_dijkstra,Grid Dijkstra,1.1566898565812473
grid_dijkstra,Grid Dijkstra,1.2630547343971565
grid_dijkstra,Grid Dijkstra,1.0340922045936707
grid_dijkstra,Grid Dijkstra,1.1559370605249586
grid_dijkstra,Grid Dijkstra,1.093889438350907
grid_dijkstra,Grid Dijkstra,1.1947740160803078
grid_dijkstra,Grid Dijkstra,1.0541282703238128
grid_dijkstra,Grid Dijkstra,1.0849823134784145
grid_dijkstra,Grid Dijkstra,1.0467833759606355
grid_dijkstra,Grid Dijkstra,1.0240173843024518
grid_dijkstra,Grid Dijkstra,1.2598444395848474
grid_dijkstra,Grid Dijkstra,1.0082442232405475
grid_dijkstra,Grid Dijkstra,1.035282335826634
grid_dijkstra,Grid Dijkstra,1.093728051895473
grid_dijkstra,Grid Dijkstra,1.0339040435469462
grid_dijkstra,Grid Dijkstra,1.1098737742482643
grid_dijkstra,Grid Dijkstra,1.0793691533357304
grid_dijkstra,Grid Dijkstra,1.013383393264945
grid_dijkstra,Grid Dijkstra,1.0356577693356264
grid_dijkstra,Grid Dijkstra,1.2337418058210696
grid_dijkstra,Grid Dijkstra,1.099067356370664
grid_dijkstra,Grid Dijkstra,1.244520747930819
grid_dijkstra,Grid Dijkstra,1.1718416917363894
grid_dijkstra,Grid Dijkstra,1.05416476249749
grid_dijkstra,Grid Dijkstra,1.0784651656414566
grid_dijkstra,Grid Dijkstra,1.0263547767288568
grid_dijkstra,Grid Dijkstra,1.1292637115631277
grid_dijkstra,Grid Dijkstra,1.2759047373849475
grid_dijkstra,Grid Dijkstra,1.0860505215234166
grid_dijkstra,Grid Dijkstra,1.064371377507796
grid_dijkstra,Grid Dijkstra,1.0614750610380737
grid_dijkstra,Grid Dijkstra,1.0625447898771772
grid_dijkstra,Grid Dijkstra,1.1347382563516244
grid_dijkstra,Grid Dijkstra,1.1047362545259696
grid_dijkstra,Grid Dijkstra,1.1101327061573014
grid_dijkstra,Grid Dijkstra,1.0311956541036353
grid_dijkstra,Grid Dijkstra,1.0425024363121937
grid_dijkstra,Grid Dijkstra,1.0437375588359041
grid_dijkstra,Grid Dijkstra,1.0106755915590744
grid_dijkstra,Grid Dijkstra,1.0843834023113492
grid_dijkstra,Grid Dijkstra,1.0462926705800581
grid_dijkstra,Grid Dijkstra,1.0441517648079044
grid_dijkstra,Grid Dijkstra,1.0
grid_dijkstra,Grid Dijkstra,1.126775353192774
grid_dijkstra,Grid Dijkstra,1.045796353308455
grid_dijkstra,Grid Dijkstra,1.0215856677827972
grid_dijkstra,Grid Dijkstra,1.0750057452596666
grid_dijkstra,Grid Dijkstra,1.2393853972517304
grid_dijkstra,Grid Dijkstra,1.079006142381399
grid_dijkstra,Grid Dijkstra,1.0219163311653225
grid_dijkstra,Grid Dijkstra,1.026066020735732
grid_dijkstra,Grid Dijkstra,1.011202482808607
grid_dijkstra,Grid Dijkstra,1.059113773006438
grid_dijkstra,Grid Dijkstra,1.2446674042655625
grid_dijkstra,Grid Dijkstra,1.0519113454675182
grid_dijkstra,Grid Dijkstra,1.0710722668393715
grid_dijkstra,Grid Dijkstra,1.068112672584219
grid_dijkstra,Grid Dijkstra,1.0
grid_dijkstra,Grid Dijkstra,1.0826285051578455
grid_dijkstra,Grid Dijkstra,1.0795330819513933
grid_dijkstra,Grid Dijkstra,1.0
grid_dijkstra,Grid Dijkstra,1.0114363971388456
grid_dijkstra,Grid Dijkstra,1.1518909463321063
grid_dijkstra,Grid Dijkstra,1.2712010494410413
grid_dijkstra,Grid Dijkstra,1.0798751119371914
grid_dijkstra,Grid Dijkstra,1.0710191064748722
grid_dijkstra,Grid Dijkstra,1.0699452403912015
grid_dijkstra,Grid Dijkstra,1.0277106927228918
grid_dijkstra,Grid Dijkstra,1.055141789427045
grid_dijkstra,Grid Dijkstra,1.0574687303048325
grid_dijkstra,Grid Dijkstra,1.0654451208995501
grid_dijkstra,Grid Dijkstra,1.092832342366568
grid_dijkstra,Grid Dijkstra,1.334286734070054
grid_dijkstra,Grid Dijkstra,1.0203082244187234
grid_dijkstra,Grid Dijkstra,1.1708543413268466
grid_dijkstra,Grid Dijkstra,1.059644055992105
grid_dijkstra,Grid Dijkstra,1.1053427589251121
grid_dijkstra,Grid Dijkstra,1.3347454938746304
grid_dijkstra,Grid Dijkstra,1.018631684327014
grid_dijkstra,Grid Dijkstra,1.0235559343286258
grid_dijkstra,Grid Dijkstra,1.0771816663751086
grid_dijkstra,Grid Dijkstra,1.0327085339824853
grid_dijkstra,Grid Dijkstra,1.293953256852444
grid_dijkstra,Grid Dijkstra,1.0554431995457936
grid_dijkstra,Grid Dijkstra,1.0232114686102496
grid_dijkstra,Grid Dijkstra,1.0697216683467536
grid_dijkstra,Grid Dijkstra,1.0282113038933558
grid_dijkstra,Grid Dijkstra,1.0801691002860931
grid_dijkstra,Grid Dijkstra,1.4227548884250445
grid_dijkstra,Grid Dijkstra,1.0774562257672473
grid_dijkstra,Grid Dijkstra,1.0257820348901472
grid_dijkstra,Grid Dijkstra,1.1561632495071548
grid_dijkstra,Grid Dijkstra,1.0961874771136824
grid_dijkstra,Grid Dijkstra,1.0363071586090977
grid_dijkstra,Grid Dijkstra,1.037706256688263
grid_dijkstra,Grid Dijkstra,1.0020326567486402
grid_dijkstra,Grid Dijkstra,1.0633324142771845
grid_dijkstra,Grid Dijkstra,1.0180049846603954
grid_dijkstra,Grid Dijkstra,1.0358204217138083
grid_dijkstra,Grid Dijkstra,1.253986940150583
grid_dijkstra,Grid Dijkstra,1.0
grid_dijkstra,Grid Dijkstra,1.0092330984326179
grid_dijkstra,Grid Dijkstra,1.0623969798779094
grid_dijkstra,Grid Dijkstra,1.0415451409719716
grid_dijkstra,Grid Dijkstra,1.0080748497655265
grid_dijkstra,Grid Dijkstra,1.017139218387295
grid_dijkstra,Grid Dijkstra,1.037532384795454
grid_dijkstra,Grid Dijkstra,1.0315303080504727
grid_dijkstra,Grid Dijkstra,1.0
grid_dijkstra,Grid Dijkstra,1.0404931204882673
grid_dijkstra,Grid Dijkstra,1.148351276951678
grid_dijkstra,Grid Dijkstra,1.022671436992055
grid_dijkstra,Grid Dijkstra,1.2410388172199633
grid_dijkstra,Grid Dijkstra,1.0449477478095097
grid_dijkstra,Grid Dijkstra,1.0411843361387927
grid_dijkstra,Grid Dijkstra,1.0539655293097632
grid_dijkstra,Grid Dijkstra,1.0
grid_dijkstra,Grid Dijkstra,1.0033281971116577
grid_dijkstra,Grid Dijkstra,1.3665491266465883
grid_dijkstra,Grid Dijkstra,1.0230107697655657
grid_dijkstra,Grid Dijkstra,1.0755575575902385
grid_dijkstra,Grid Dijkstra,1.0742151683295764
grid_dijkstra,Grid Dijkstra,1.0205242219153854
grid_dijkstra,Grid Dijkstra,1.0471993381030522
grid_dijkstra,Grid Dijkstra,1.0626073890436396
grid_dijkstra,Grid Dijkstra,1.0724280351705986
grid_dijkstra,Grid Dijkstra,1.0803063207595085
grid_dijkstra,Grid Dijkstra,1.0746118307442354
grid_dijkstra,Grid Dijkstra,1.249555735983604
grid_dijkstra,Grid Dijkstra,1.0400849919105226
grid_dijkstra,Grid Dijkstra,1.0703410998724385
grid_dijkstra,Grid Dijkstra,1.0
grid_dijkstra,Grid Dijkstra,1.0613792578163823
grid_dijkstra,Grid Dijkstra,1.0584206673659569
grid_dijkstra,Grid Dijkstra,1.0431752698875811
grid_dijkstra,Grid Dijkstra,1.0574964636689788
grid_dijkstra,Grid Dijkstra,1.0788089014234905
grid_dijkstra,Grid Dijkstra,1.072523522197392
grid_dijkstra,Grid Dijkstra,1.0275378853986494
grid_dijkstra,Grid Dijkstra,1.0851462967031826
grid_dijkstra,Grid Dijkstra,1.0522287741146623
grid_dijkstra,Grid Dijkstra,1.1432181215138009
grid_dijkstra,Grid Dijkstra,1.0473461066109775
grid_dijkstra,Grid Dijkstra,1.1532381574547614
grid_dijkstra,Grid Dijkstra,1.0328331581690913
grid_dijkstra,Grid Dijkstra,1.0419092072027418
grid_dijkstra,Grid Dijkstra,1.1672832046902666
grid_dijkstra,Grid Dijkstra,1.0583486244261133
grid_dijkstra,Grid Dijkstra,1.3247745390026517
grid_dijkstra,Grid Dijkstra,1.0812341859448353
grid_dijkstra,Grid Dijkstra,1.176024983178128
grid_dijkstra,Grid Dijkstra,1.087547022702604
grid_dijkstra,Grid Dijkstra,1.0747457299078929
grid_dijkstra,Grid Dijkstra,1.0544815342025662
grid_dijkstra,Grid Dijkstra,1.081552883585216
grid_dijkstra,Grid Dijkstra,1.0668681550616774
grid_dijkstra,Grid Dijkstra,1.0276992744122007
grid_dijkstra,Grid Dijkstra,1.0404147658257061
grid_dijkstra,Grid Dijkstra,1.07865455086823
grid_dijkstra,Grid Dijkstra,1.0677505234796185
grid_dijkstra,Grid Dijkstra,1.0195099094932887
grid_dijkstra,Grid Dijkstra,1.0650975493845782
grid_dijkstra,Grid Dijkstra,1.0689078614026843
grid_dijkstra,Grid Dijkstra,1.066244824558272
grid_dijkstra,Grid Dijkstra,1.2240915453529995
grid_dijkstra,Grid Dijkstra,1.1965273678970538
grid_dijkstra,Grid Dijkstra,1.154072995298351
grid_dijkstra,Grid Dijkstra,1.1405548247603507
grid_dijkstra,Grid Dijkstra,1.1110836842690222
grid_dijkstra,Grid Dijkstra,1.1087678825323102
grid_dijkstra,Grid Dijkstra,1.1413806615684186
grid_dijkstra,Grid Dijkstra,1.0607854222841693
grid_dijkstra,Grid Dijkstra,1.0
grid_dijkstra,Grid Dijkstra,1.0787091187716258
grid_dijkstra,Grid Dijkstra,1.1837408086697079
grid_dijkstra,Grid Dijkstra,1.0616658565576818
grid_dijkstra,Grid Dijkstra,1.0970954268929693
grid_dijkstra,Grid Dijkstra,1.016632294302057
grid_dijkstra,Grid Dijkstra,1.0768155359683422
grid_dijkstra,Grid Dijkstra,1.1640815700848912
grid_dijkstra,Grid Dijkstra,1.0482320656701452
grid_dijkstra,Grid Dijkstra,1.2023244684957741
grid_dijkstra,Grid Dijkstra,1.056808129262746
grid_dijkstra,Grid Dijkstra,1.0194039655692846
grid_dijkstra,Grid Dijkstra,1.0496281876524083
grid_dijkstra,Grid Dijkstra,1.0309943837463391
grid_dijkstra,Grid Dijkstra,1.0788012841454817
grid_dijkstra,Grid Dijkstra,1.0607122852145503
grid_dijkstra,Grid Dijkstra,1.0201823662147596
grid_dijkstra,Grid Dijkstra,1.2282424122858813
grid_dijkstra,Grid Dijkstra,1.0157503427304229
grid_dijkstra,Grid Dijkstra,1.2322590652511318
grid_dijkstra,Grid Dijkstra,1.0258611117362875
grid_dijkstra,Grid Dijkstra,1.0546754265279985
grid_dijkstra,Grid Dijkstra,1.1952968093326852
grid_dijkstra,Grid Dijkstra,1.0587055856768655
grid_dijkstra,Grid Dijkstra,1.0871664698155479
grid_dijkstra,Grid Dijkstra,1.0567419875701136
grid_dijkstra,Grid Dijkstra,1.034663322301885
grid_dijkstra,Grid Dijkstra,1.0165866605746128
grid_dijkstra,Grid Dijkstra,1.0802539562689961
grid_dijkstra,Grid Dijkstra,1.0904635816539112
grid_dijkstra,Grid Dijkstra,1.0215959440051623
grid_dijkstra,Grid Dijkstra,1.25995465850855
grid_dijkstra,Grid Dijkstra,1.0662734506679723
grid_dijkstra,Grid Dijkstra,1.0
grid_dijkstra,Grid Dijkstra,1.0
grid_dijkstra,Grid Dijkstra,1.1307372940609888
grid_dijkstra,Grid Dijkstra,1.0816434284322303
grid_dijkstra,Grid Dijkstra,1.096379986118115
grid_dijkstra,Grid Dijkstra,1.0773034996791397
grid_dijkstra,Grid Dijkstra,1.161139428029282
grid_dijkstra,Grid Dijkstra,1.0718089628304315
grid_dijkstra,Grid Dijkstra,1.0306145505172595
grid_dijkstra,Grid Dijkstra,1.0260514516135701
grid_dijkstra,Grid Dijkstra,1.0725736827559118
grid_dijkstra,Grid Dijkstra,1.0631484469007526
grid_dijkstra,Grid Dijkstra,1.0217856246781898
grid_dijkstra,Grid Dijkstra,1.0324069715034643
grid_dijkstra,Grid Dijkstra,1.0792674392959667
grid_dijkstra,Grid Dijkstra,1.1182263154549987
grid_dijkstra,Grid Dijkstra,1.0785934634500467
grid_dijkstra,Grid Dijkstra,1.0396804681663154
grid_dijkstra,Grid Dijkstra,1.0227357350921644
grid_dijkstra,Grid Dijkstra,1.0342412178568359
grid_dijkstra,Grid Dijkstra,1.0595966283191747
grid_dijkstra,Grid Dijkstra,1.0226764632128225
grid_dijkstra,Grid Dijkstra,1.333933810640741
grid_dijkstra,Grid Dijkstra,1.03604533897763
grid_dijkstra,Grid Dijkstra,1.0343718321795001
grid_dijkstra,Grid Dijkstra,1.0136854429639945
grid_dijkstra,Grid Dijkstra,1.0665552184895715
grid_dijkstra,Grid Dijkstra,1.0155633121224992
grid_dijkstra,Grid Dijkstra,1.0367190854457722
grid_dijkstra,Grid Dijkstra,1.0113513631743083
grid_dijkstra,Grid Dijkstra,1.0569549560228488
grid_dijkstra,Grid Dijkstra,1.060273400286701
grid_dijkstra,Grid Dijkstra,1.0152397750411233
grid_dijkstra,Grid Dijkstra,1.078754150716307
grid_dijkstra,Grid Dijkstra,1.0541557720431467
grid_dijkstra,Grid Dijkstra,1.2679264487810524
grid_dijkstra,Grid Dijkstra,1.059081261876244
grid_dijkstra,Grid Dijkstra,1.1278112374469746
grid_dijkstra,Grid Dijkstra,1.1301971689028882
grid_dijkstra,Grid Dijkstra,1.0717194634513596
grid_dijkstra,Grid Dijkstra,1.2552500192616545
grid_dijkstra,Grid Dijkstra,1.0964927385591774
grid_dijkstra,Grid Dijkstra,1.0451388767908756
grid_dijkstra,Grid Dijkstra,1.183992865096537
grid_dijkstra,Grid Dijkstra,1.223587530727503
grid_dijkstra,Grid Dijkstra,1.0267893479141337
grid_dijkstra,Grid Dijkstra,1.043199856287081
grid_dijkstra,Grid Dijkstra,1.038552569096534
grid_dijkstra,Grid Dijkstra,1.079674852057259
grid_dijkstra,Grid Dijkstra,1.0610439526283193
grid_dijkstra,Grid Dijkstra,1.0446293881003679
grid_dijkstra,Grid Dijkstra,1.3529694600647846
grid_dijkstra,Grid Dijkstra,1.074203065324211
grid_dijkstra,Grid Dijkstra,1.0683152358345487
grid_dijkstra,Grid Dijkstra,1.015212260139196
grid_dijkstra,Grid Dijkstra,1.023533476654812
grid_dijkstra,Grid Dijkstra,1.0505596993200859
grid_dijkstra,Grid Dijkstra,1.0321564038921325
grid_dijkstra,Grid Dijkstra,1.0353714401315244
grid_dijkstra,Grid Dijkstra,1.036222919596023
grid_dijkstra,Grid Dijkstra,1.0398599803714788
grid_dijkstra,Grid Dijkstra,1.0211728501594124
grid_dijkstra,Grid Dijkstra,1.0222361548647168
grid_dijkstra,Grid Dijkstra,1.0745392493771742
grid_dijkstra,Grid Dijkstra,1.0774238266049
grid_dijkstra,Grid Dijkstra,1.0830010197323265
grid_dijkstra,Grid Dijkstra,1.0935655310889583
grid_dijkstra,Grid Dijkstra,1.0943742700102503
grid_dijkstra,Grid Dijkstra,1.0898543206109033
grid_dijkstra,Grid Dijkstra,1.2036933702556876
grid_dijkstra,Grid Dijkstra,1.1272311264988077
grid_dijkstra,Grid Dijkstra,1.0604210637621543
grid_dijkstra,Grid Dijkstra,1.0312913328460023
grid_dijkstra,Grid Dijkstra,1.056624936384685
grid_dijkstra,Grid Dijkstra,1.2087218382677332
grid_dijkstra,Grid Dijkstra,1.6265009156411205
grid_dijkstra,Grid Dijkstra,1.2719745284658044
grid_dijkstra,Grid Dijkstra,1.183816608144586
grid_dijkstra,Grid Dijkstra,1.0643670929696154
grid_dijkstra,Grid Dijkstra,1.0
grid_dijkstra,Grid Dijkstra,1.0297302419532521
grid_dijkstra,Grid Dijkstra,1.0816892459915217
grid_dijkstra,Grid Dijkstra,1.0468361364690544
grid_dijkstra,Grid Dijkstra,1.0796014550056907
grid_dijkstra,Grid Dijkstra,1.3945577453447666
grid_dijkstra,Grid Dijkstra,1.0981603832298896
grid_dijkstra,Grid Dijkstra,1.2446373505656385
grid_dijkstra,Grid Dijkstra,1.006581061111441
grid_dijkstra,Grid Dijkstra,1.0703602900198752
grid_dijkstra,Grid Dijkstra,1.0
grid_dijkstra,Grid Dijkstra,1.078092564986539
grid_dijkstra,Grid Dijkstra,1.0206682833029044
grid_dijkstra,Grid Dijkstra,1.066707730472742
grid_dijkstra,Grid Dijkstra,1.3795066929260216
grid_dijkstra,Grid Dijkstra,1.0917895325530629
grid_dijkstra,Grid Dijkstra,1.2230045210794351
grid_dijkstra,Grid Dijkstra,1.068563820429852
grid_dijkstra,Grid Dijkstra,1.0580470642377977
grid_dijkstra,Grid Dijkstra,1.1200625126143158
grid_dijkstra,Grid Dijkstra,1.1127768090311028
grid_dijkstra,Grid Dijkstra,1.0
grid_dijkstra,Grid Dijkstra,1.0541708016106872
grid_dijkstra,Grid Dijkstra,1.1672453286113753
grid_dijkstra,Grid Dijkstra,1.0539344069859153
grid_dijkstra,Grid Dijkstra,1.0482141216649996
grid_dijkstra,Grid Dijkstra,1.0152372717477138
grid_dijkstra,Grid Dijkstra,1.0073096175914102
grid_dijkstra,Grid Dijkstra,1.202396511121905
grid_dijkstra,Grid Dijkstra,1.0544955735639547
grid_dijkstra,Grid Dijkstra,1.1154106369817627
grid_dijkstra,Grid Dijkstra,1.190942026758887
grid_dijkstra,Grid Dijkstra,1.0137323064326842
grid_dijkstra,Grid Dijkstra,1.0319015500046727
grid_dijkstra,Grid Dijkstra,1.0777811117093803
grid_dijkstra,Grid Dijkstra,1.0129077243886735
grid_dijkstra,Grid Dijkstra,1.0555718169393846
grid_dijkstra,Grid Dijkstra,1.0802429148936692
grid_dijkstra,Grid Dijkstra,1.0610810339796477
grid_dijkstra,Grid Dijkstra,1.105548430542845
grid_dijkstra,Grid Dijkstra,1.0754286031288272
grid_dijkstra,Grid Dijkstra,1.1124082109287128
grid_dijkstra,Grid Dijkstra,1.0793326602519504
grid_dijkstra,Grid Dijkstra,1.144865261715058
grid_dijkstra,Grid Dijkstra,1.0905159283735617
grid_dijkstra,Grid Dijkstra,1.0681549690529546
grid_dijkstra,Grid Dijkstra,1.273060822055588
grid_dijkstra,Grid Dijkstra,1.2386656218609777
grid_dijkstra,Grid Dijkstra,1.0795545920790128
grid_dijkstra,Grid Dijkstra,1.0714234618905252
grid_dijkstra,Grid Dijkstra,1.315366062571036
grid_dijkstra,Grid Dijkstra,1.056559659300664
grid_dijkstra,Grid Dijkstra,1.0444829035490153
grid_dijkstra,Grid Dijkstra,1.017503746639431
grid_dijkstra,Grid Dijkstra,1.0149805010663944
grid_dijkstra,Grid Dijkstra,1.023239003164453
grid_dijkstra,Grid Dijkstra,1.0166008173384893
grid_dijkstra,Grid Dijkstra,1.2333396966993098
grid_dijkstra,Grid Dijkstra,1.033718273765905
grid_dijkstra,Grid Dijkstra,1.3273781899782708
grid_dijkstra,Grid Dijkstra,1.0421689492000503
grid_dijkstra,Grid Dijkstra,1.05678410351573
grid_dijkstra,Grid Dijkstra,1.0
grid_dijkstra,Grid Dijkstra,1.0315961981262485
grid_dijkstra,Grid Dijkstra,1.0319515479538446
grid_dijkstra,Grid Dijkstra,1.0844665355538798
grid_dijkstra,Grid Dijkstra,1.0434007348983017
grid_dijkstra,Grid Dijkstra,1.0254078016229669
grid_dijkstra,Grid Dijkstra,1.107234682654444
grid_dijkstra,Grid Dijkstra,1.0804622594553297
grid_dijkstra,Grid Dijkstra,1.0887127998157937
grid_dijkstra,Grid Dijkstra,1.0774207225964636
grid_dijkstra,Grid Dijkstra,1.0289768541806468
grid_dijkstra,Grid Dijkstra,1.0792585722060832
grid_dijkstra,Grid Dijkstra,1.0335799073359069
grid_dijkstra,Grid Dijkstra,1.080809070726902
grid_dijkstra,Grid Dijkstra,1.098482327532089
grid_dijkstra,Grid Dijkstra,1.022714571526996
grid_dijkstra,Grid Dijkstra,1.0400028654057507
grid_dijkstra,Grid Dijkstra,1.0727057512344174
grid_dijkstra,Grid Dijkstra,1.0707463310284815
grid_dijkstra,Grid Dijkstra,1.0737629128039596
grid_dijkstra,Grid Dijkstra,1.044094914189923
grid_dijkstra,Grid Dijkstra,1.135773805536064
grid_dijkstra,Grid Dijkstra,1.349538523322706
grid_dijkstra,Grid Dijkstra,1.0807179801215259
grid_dijkstra,Grid Dijkstra,1.0470484935137065
grid_dijkstra,Grid Dijkstra,1.0293332677455216
grid_dijkstra,Grid Dijkstra,1.0975668978032966
grid_dijkstra,Grid Dijkstra,1.0918011206031544
grid_dijkstra,Grid Dijkstra,1.077540385411789
grid_dijkstra,Grid Dijkstra,1.3303411362847948
grid_dijkstra,Grid Dijkstra,1.0492111025545297
grid_dijkstra,Grid Dijkstra,1.1679070202043387
grid_dijkstra,Grid Dijkstra,1.0273001314292125
grid_dijkstra,Grid Dijkstra,1.0766970293473044
grid_dijkstra,Grid Dijkstra,1.0294621381940772
grid_dijkstra,Grid Dijkstra,1.1167680833505966
grid_dijkstra,Grid Dijkstra,1.0148271961839042
grid_dijkstra,Grid Dijkstra,1.0138623322411215
grid_dijkstra,Grid Dijkstra,1.0548016374889235
grid_dijkstra,Grid Dijkstra,1.0760247941475984
grid_dijkstra,Grid Dijkstra,1.320772776192452
grid_dijkstra,Grid Dijkstra,1.03524617547211
grid_dijkstra,Grid Dijkstra,1.0892763662108063
grid_dijkstra,Grid Dijkstra,1.2294423455869121
grid_dijkstra,Grid Dijkstra,1.1352299104271908
grid_dijkstra,Grid Dijkstra,1.0479607914196425
grid_dijkstra,Grid Dijkstra,1.2731276288307924
grid_dijkstra,Grid Dijkstra,1.5979033186265073
grid_dijkstra,Grid Dijkstra,1.085088594064271
grid_dijkstra,Grid Dijkstra,1.0
grid_dijkstra,Grid Dijkstra,1.0523910320438714
grid_dijkstra,Grid Dijkstra,1.1713839460388478
grid_dijkstra,Grid Dijkstra,1.0396839202572887
grid_dijkstra,Grid Dijkstra,1.0817097389694366
grid_dijkstra,Grid Dijkstra,1.1006526992443297
grid_dijkstra,Grid Dijkstra,1.0107748535425867
grid_dijkstra,Grid Dijkstra,1.0490127105842835
grid_dijkstra,Grid Dijkstra,1.0919576156091682
grid_dijkstra,Grid Dijkstra,1.2059443573388706
grid_dijkstra,Grid Dijkstra,1.1783460604856077
grid_dijkstra,Grid Dijkstra,1.3117695796815703
grid_dijkstra,Grid Dijkstra,1.0556994820012984
grid_dijkstra,Grid Dijkstra,1.1197013431611966
grid_dijkstra,Grid Dijkstra,1.031101814520322
grid_dijkstra,Grid Dijkstra,1.041806361410776
grid_dijkstra,Grid Dijkstra,1.0446378838699955
grid_dijkstra,Grid Dijkstra,1.025166032369
grid_dijkstra,Grid Dijkstra,1.0
grid_dijkstra,Grid Dijkstra,1.2843121236599742
grid_dijkstra,Grid Dijkstra,1.0274061927448397
grid_dijkstra,Grid Dijkstra,1.0788323016689843
grid_dijkstra,Grid Dijkstra,1.1214373079086815
grid_dijkstra,Grid Dijkstra,1.043554541570332
grid_dijkstra,Grid Dijkstra,1.1097091948155418
grid_dijkstra,Grid Dijkstra,1.3228064667085282
grid_dijkstra,Grid Dijkstra,1.0410870963571561
grid_dijkstra,Grid Dijkstra,1.1558314404709402
grid_dijkstra,Grid Dijkstra,1.0076396604910391
grid_dijkstra,Grid Dijkstra,1.013577580182429
grid_dijkstra,Grid Dijkstra,1.255809244854177
grid_dijkstra,Grid Dijkstra,1.094709847193217
grid_dijkstra,Grid Dijkstra,1.0482959666277385
grid_dijkstra,Grid Dijkstra,1.0474909105875407
grid_dijkstra,Grid Dijkstra,1.2437825840314018
grid_dijkstra,Grid Dijkstra,1.37621609456203
grid_dijkstra,Grid Dijkstra,1.125992099691104
grid_dijkstra,Grid Dijkstra,1.0386842635638527
grid_dijkstra,Grid Dijkstra,1.0641083711067374
grid_dijkstra,Grid Dijkstra,1.088183626920318
grid_dijkstra,Grid Dijkstra,1.0252257873026422
grid_dijkstra,Grid Dijkstra,1.0551123168469734
grid_dijkstra,Grid Dijkstra,1.3744403151927351
grid_dijkstra,Grid Dijkstra,1.1250187047839415
grid_dijkstra,Grid Dijkstra,1.0789633282873916
grid_dijkstra,Grid Dijkstra,1.0758431158402
grid_dijkstra,Grid Dijkstra,1.3350175208064066
grid_dijkstra,Grid Dijkstra,1.0263134626470267
grid_dijkstra,Grid Dijkstra,1.023319320822756
grid_dijkstra,Grid Dijkstra,1.040227893414626
grid_dijkstra,Grid Dijkstra,1.0720530979945846
grid_dijkstra,Grid Dijkstra,1.1787556810854976
grid_dijkstra,Grid Dijkstra,1.25406003999423
grid_dijkstra,Grid Dijkstra,1.0254662542904462
grid_dijkstra,Grid Dijkstra,1.08354544387745
grid_dijkstra,Grid Dijkstra,1.032742251170012
grid_dijkstra,Grid Dijkstra,1.0
grid_dijkstra,Grid Dijkstra,1.076182073396966
grid_dijkstra,Grid Dijkstra,1.0170144978840105
grid_dijkstra,Grid Dijkstra,1.107226554048019
grid_dijkstra,Grid Dijkstra,1.319718685185966
grid_dijkstra,Grid Dijkstra,1.0769587869471349
grid_dijkstra,Grid Dijkstra,1.0423063483626842
grid_dijkstra,Grid Dijkstra,1.061689380915662
grid_dijkstra,Grid Dijkstra,1.0911356387940776
grid_dijkstra,Grid Dijkstra,1.0941689069792888
grid_dijkstra,Grid Dijkstra,1.0080608408942733
grid_dijkstra,Grid Dijkstra,1.0112075371987885
grid_dijkstra,Grid Dijkstra,1.0466834176002626
grid_dijkstra,Grid Dijkstra,1.0212356173581913
grid_dijkstra,Grid Dijkstra,1.0960324568993793
grid_dijkstra,Grid Dijkstra,1.2269805872562562
grid_dijkstra,Grid Dijkstra,1.1894691241073265
grid_dijkstra,Grid Dijkstra,1.1298424761793375
grid_dijkstra,Grid Dijkstra,1.1633620335544819
grid_dijkstra,Grid Dijkstra,1.0767006551228995
grid_dijkstra,Grid Dijkstra,1.2758004789441457
grid_dijkstra,Grid Dijkstra,1.0887934587563501
grid_dijkstra,Grid Dijkstra,1.026439528651763
grid_dijkstra,Grid Dijkstra,1.088835043326585
grid_dijkstra,Grid Dijkstra,1.0627191069553976
grid_dijkstra,Grid Dijkstra,1.0466070373798309
grid_dijkstra,Grid Dijkstra,1.068748244688045
grid_dijkstra,Grid Dijkstra,1.033943476875417
grid_dijkstra,Grid Dijkstra,1.0488024384191912
grid_dijkstra,Grid Dijkstra,1.0804966221361043
grid_dijkstra,Grid Dijkstra,1.0084584892292259
grid_dijkstra,Grid Dijkstra,1.4573379477965762
grid_dijkstra,Grid Dijkstra,1.027511321740008
grid_dijkstra,Grid Dijkstra,1.019435233403413
grid_dijkstra,Grid Dijkstra,1.023393925798401
grid_dijkstra,Grid Dijkstra,1.0776002403141391
grid_dijkstra,Grid Dijkstra,1.0885544748811442
grid_dijkstra,Grid Dijkstra,1.0816633971458867
grid_dijkstra,Grid Dijkstra,1.1156620641543524
grid_dijkstra,Grid Dijkstra,1.0565560867902246
grid_dijkstra,Grid Dijkstra,1.0668211566350014
grid_dijkstra,Grid Dijkstra,1.0652841418034416
grid_dijkstra,Grid Dijkstra,1.0261722389436172
grid_dijkstra,Grid Dijkstra,1.0186514762979864
grid_dijkstra,Grid Dijkstra,1.0138937376113701
grid_dijkstra,Grid Dijkstra,1.1298707057617419
grid_dijkstra,Grid Dijkstra,1.0286928433598765
grid_dijkstra,Grid Dijkstra,1.0
grid_dijkstra,Grid Dijkstra,1.0946395306673538
grid_dijkstra,Grid Dijkstra,1.018482581437261
grid_dijkstra,Grid Dijkstra,1.0670773459720304
grid_dijkstra,Grid Dijkstra,1.003953513666881
grid_dijkstra,Grid Dijkstra,1.0131971821848016
grid_dijkstra,Grid Dijkstra,1.095561055942463
grid_dijkstra,Grid Dijkstra,1.0428793627872497
grid_dijkstra,Grid Dijkstra,1.0205348954154925
grid_dijkstra,Grid Dijkstra,1.0649977442522387
grid_dijkstra,Grid Dijkstra,1.012389972924852
grid_dijkstra,Grid Dijkstra,1.0433805073328166
grid_dijkstra,Grid Dijkstra,1.0320991022918453
grid_dijkstra,Grid Dijkstra,1.0446655147001505
grid_dijkstra,Grid Dijkstra,1.3373628493723804
grid_dijkstra,Grid Dijkstra,1.083126698280608
grid_dijkstra,Grid Dijkstra,1.0588938563890737
grid_dijkstra,Grid Dijkstra,1.173063508173743
grid_dijkstra,Grid Dijkstra,1.0465369030601204
grid_dijkstra,Grid Dijkstra,1.025880524362559
grid_dijkstra,Grid Dijkstra,1.015017176830897
grid_dijkstra,Grid Dijkstra,1.074134979398755
grid_dijkstra,Grid Dijkstra,1.06930797636167
grid_dijkstra,Grid Dijkstra,1.0091424241379015
grid_dijkstra,Grid Dijkstra,1.0399243787133765
grid_dijkstra,Grid Dijkstra,1.0463443210547565
grid_dijkstra,Grid Dijkstra,1.0306842838595582
grid_dijkstra,Grid Dijkstra,1.095836843525198
grid_dijkstra,Grid Dijkstra,1.047047348602285
grid_dijkstra,Grid Dijkstra,1.0788312912770321
grid_dijkstra,Grid Dijkstra,1.1997901955160195
grid_dijkstra,Grid Dijkstra,1.0750278176642667
grid_dijkstra,Grid Dijkstra,1.1724386434945644
grid_dijkstra,Grid Dijkstra,1.0904904068975512
grid_dijkstra,Grid Dijkstra,1.0712451052862446
grid_dijkstra,Grid Dijkstra,1.042564179214461
grid_dijkstra,Grid Dijkstra,1.0
grid_dijkstra,Grid Dijkstra,1.2305260701850655
grid_dijkstra,Grid Dijkstra,1.3976067651768505
grid_dijkstra,Grid Dijkstra,1.0398659977799871
grid_dijkstra,Grid Dijkstra,1.2839076284832345
grid_dijkstra,Grid Dijkstra,1.0464195632911595
grid_dijkstra,Grid Dijkstra,1.0496415045736476
grid_dijkstra,Grid Dijkstra,1.3579723785969793
grid_dijkstra,Grid Dijkstra,1.0492449480062733
grid_dijkstra,Grid Dijkstra,1.2079931596877285
grid_dijkstra,Grid Dijkstra,1.030567367826048
grid_dijkstra,Grid Dijkstra,1.0577556023240122
grid_dijkstra,Grid Dijkstra,1.0798051433158746
grid_dijkstra,Grid Dijkstra,1.0323003679424894
grid_dijkstra,Grid Dijkstra,1.322136039147216
grid_dijkstra,Grid Dijkstra,1.0
grid_dijkstra,Grid Dijkstra,1.3260464260964386
grid_dijkstra,Grid Dijkstra,1.3232512911856689
grid_dijkstra,Grid Dijkstra,1.111891762021196
grid_dijkstra,Grid Dijkstra,1.1535902228002481
grid_dijkstra,Grid Dijkstra,1.0529644845856423
grid_dijkstra,Grid Dijkstra,1.0193124110809215
grid_dijkstra,Grid Dijkstra,1.0786359137765027
grid_dijkstra,Grid Dijkstra,1.378792027848627
grid_dijkstra,Grid Dijkstra,1.094374936512963
grid_dijkstra,Grid Dijkstra,1.0572319286054022
grid_dijkstra,Grid Dijkstra,1.313223341885967
grid_dijkstra,Grid Dijkstra,1.0566192362528872
grid_dijkstra,Grid Dijkstra,1.0374639573467561
grid_dijkstra,Grid Dijkstra,1.0246069449626918
grid_dijkstra,Grid Dijkstra,1.0334975460152482
grid_dijkstra,Grid Dijkstra,1.2458579412206703
grid_dijkstra,Grid Dijkstra,1.169643382489722
grid_dijkstra,Grid Dijkstra,1.0161621426304548
grid_dijkstra,Grid Dijkstra,1.2726200233642717
grid_dijkstra,Grid Dijkstra,1.1440110022677972
grid_dijkstra,Grid Dijkstra,1.1545814957544984
grid_dijkstra,Grid Dijkstra,1.1021216762214217
grid_dijkstra,Grid Dijkstra,1.0413792800338544
grid_dijkstra,Grid Dijkstra,1.0751987919357648
grid_dijkstra,Grid Dijkstra,1.059319380255432
grid_dijkstra,Grid Dijkstra,1.15613568567942
grid_dijkstra,Grid Dijkstra,1.0252041296496262
grid_dijkstra,Grid Dijkstra,1.1642596407775805
grid_dijkstra,Grid Dijkstra,1.0912866623817608
grid_dijkstra,Grid Dijkstra,1.2597930033295643
grid_dijkstra,Grid Dijkstra,1.0934334967907395
grid_dijkstra,Grid Dijkstra,1.0415569701334864
grid_dijkstra,Grid Dijkstra,1.031888810695722
grid_dijkstra,Grid Dijkstra,1.0790401962187957
grid_dijkstra,Grid Dijkstra,1.0653005185216267
grid_dijkstra,Grid Dijkstra,1.3136902859183301
grid_dijkstra,Grid Dijkstra,1.1128267901181224
grid_dijkstra,Grid Dijkstra,1.0784792005652137
grid_dijkstra,Grid Dijkstra,1.0239572607716696
grid_dijkstra,Grid Dijkstra,1.0846727569760026
grid_dijkstra,Grid Dijkstra,1.2021023972123184
grid_dijkstra,Grid Dijkstra,1.1160469971793032
grid_dijkstra,Grid Dijkstra,1.0683861319362826
grid_dijkstra,Grid Dijkstra,1.0
grid_dijkstra,Grid Dijkstra,1.0731806752004829
grid_dijkstra,Grid Dijkstra,1.112251443739753
grid_dijkstra,Grid Dijkstra,1.0637747659363679
grid_dijkstra,Grid Dijkstra,1.156398544215773
grid_dijkstra,Grid Dijkstra,1.2731485781092822
grid_dijkstra,Grid Dijkstra,1.1078162552011757
grid_dijkstra,Grid Dijkstra,1.0768669860437206
grid_dijkstra,Grid Dijkstra,1.0320413198970468
grid_dijkstra,Grid Dijkstra,1.0677036166009535
grid_dijkstra,Grid Dijkstra,1.0707097936479653
grid_dijkstra,Grid Dijkstra,1.0802212138707343
grid_dijkstra,Grid Dijkstra,1.1527396028903194
grid_dijkstra,Grid Dijkstra,1.006968135070924
rrt,RRT,1.1285333814754301
rrt,RRT,1.0939840464864967
rrt,RRT,1.4658970479155708
rrt,RRT,1.0858643167142947
rrt,RRT,1.094684446033274
rrt,RRT,1.0189757658333227
rrt,RRT,1.0150942174114572
rrt,RRT,1.025842857863232
rrt,RRT,1.087079888192913
rrt,RRT,1.0022164382834495
rrt,RRT,1.0723204403662203
rrt,RRT,1.0562586689720732
rrt,RRT,1.0139282036770503
rrt,RRT,1.0625562079418125
rrt,RRT,1.0700505781701617
rrt,RRT,1.0099687919653504
rrt,RRT,1.1374841299466938
rrt,RRT,1.1777032816691653
rrt,RRT,1.0
rrt,RRT,1.0
rrt,RRT,1.21569908255647
rrt,RRT,1.134538791365449
rrt,RRT,1.0540060415627073
rrt,RRT,1.000857777917945
rrt,RRT,1.154192485981007
rrt,RRT,1.3094750439342813
rrt,RRT,1.0277894193646837
rrt,RRT,1.4776794257877648
rrt,RRT,1.1470022819825763
rrt,RRT,1.161141349079347
rrt,RRT,1.055543785600731
rrt,RRT,1.0304203006524255
rrt,RRT,1.004195782644365
rrt,RRT,1.0117235560792668
rrt,RRT,1.203132014487319
rrt,RRT,1.1314580165033485
rrt,RRT,1.0037953191929982
rrt,RRT,1.0451825514263486
rrt,RRT,1.2061254737372293
rrt,RRT,1.0398459160408864
rrt,RRT,1.0274002825422521
rrt,RRT,1.005004760068301
rrt,RRT,1.020155270226879
rrt,RRT,1.2814520611856177
rrt,RRT,1.0655148101513523
rrt,RRT,1.010497124543955
rrt,RRT,1.0114655510752082
rrt,RRT,1.0072156874125189
rrt,RRT,1.363806222676445
rrt,RRT,1.1929769171478215
rrt,RRT,1.060930196024048
rrt,RRT,1.1940257015894147
rrt,RRT,1.0179791577421597
rrt,RRT,1.2710361754655541
rrt,RRT,1.0530550338585374
rrt,RRT,1.0364805340985126
rrt,RRT,1.169873811128479
rrt,RRT,1.2212360501627302
rrt,RRT,1.0458836706543477
rrt,RRT,1.0008297306224905
rrt,RRT,1.0448716521123893
rrt,RRT,1.0067745833214508
rrt,RRT,1.0694721105568896
rrt,RRT,1.2282973678747386
rrt,RRT,1.0026155733242685
rrt,RRT,1.052836558361249
rrt,RRT,1.000941831180035
rrt,RRT,1.1830986185406676
rrt,RRT,1.0557072909473486
rrt,RRT,1.0666557000490335
rrt,RRT,1.0266526963458817
rrt,RRT,1.2939876032947022
rrt,RRT,1.2380253107343178
rrt,RRT,1.0255837862962072
rrt,RRT,1.009422528133063
rrt,RRT,1.0544604102946151
rrt,RRT,1.0368741954109897
rrt,RRT,1.0373128190911531
rrt,RRT,1.09737265233346
rrt,RRT,1.0009942300766257
rrt,RRT,1.2639396911034786
rrt,RRT,1.0672724629471917
rrt,RRT,1.069664054226396
rrt,RRT,1.006202062666887
rrt,RRT,1.2009362153774354
rrt,RRT,1.0181081817739102
rrt,RRT,1.3682143730964076
rrt,RRT,1.0228079745249303
rrt,RRT,1.321517990362944
rrt,RRT,1.1108226556716965
rrt,RRT,1.0119936806503085
rrt,RRT,1.0865577511647748
rrt,RRT,1.1164642610070643
rrt,RRT,1.1606980938911573
rrt,RRT,1.0038886737586916
rrt,RRT,1.0087177192265913
rrt,RRT,1.047182815108723
rrt,RRT,1.005079491186975
rrt,RRT,1.1047789972404125
rrt,RRT,1.0
rrt,RRT,1.0053941590122037
rrt,RRT,1.1921733007496653
rrt,RRT,1.0
rrt,RRT,1.0222512089613218
rrt,RRT,1.0291265254520472
rrt,RRT,1.0018492139105666
rrt,RRT,1.0692681411150833
rrt,RRT,1.0630418569739268
rrt,RRT,1.468940044708128
rrt,RRT,1.3350764925136478
rrt,RRT,1.0086070924798562
rrt,RRT,1.2214132278900118
rrt,RRT,1.0
rrt,RRT,1.0430701362274688
rrt,RRT,1.0242806937310711
rrt,RRT,1.1492198619539284
rrt,RRT,1.0195630828694973
rrt,RRT,1.0189188842083208
rrt,RRT,1.061738017939417
rrt,RRT,1.2095406569966418
rrt,RRT,1.0442449565982503
rrt,RRT,1.0444234349361523
rrt,RRT,1.0058733143878271
rrt,RRT,1.4742335743721422
rrt,RRT,1.102861661164723
rrt,RRT,1.3350246683442848
rrt,RRT,1.1891184234358503
rrt,RRT,1.021954376103572
rrt,RRT,1.0092794017090214
rrt,RRT,1.356553836047386
rrt,RRT,1.0556360039716122
rrt,RRT,1.2738332894313706
rrt,RRT,1.1110290013017785
rrt,RRT,1.1077775993179966
rrt,RRT,1.113253419163031
rrt,RRT,1.0816270719051406
rrt,RRT,1.0
rrt,RRT,1.2252627043387165
rrt,RRT,1.120379689213678
rrt,RRT,1.0691349958580296
rrt,RRT,1.208345820364967
rrt,RRT,1.0743008162391074
rrt,RRT,1.3225130431733894
rrt,RRT,1.0149730696360408
rrt,RRT,1.3904617074717576
rrt,RRT,1.1712420250456865
rrt,RRT,1.326213452137424
rrt,RRT,1.229428224906036
rrt,RRT,1.0
rrt,RRT,1.0556771261064357
rrt,RRT,1.015749665511357
rrt,RRT,1.0713687474193683
rrt,RRT,1.01793729343098
rrt,RRT,1.0198645408369438
rrt,RRT,1.0687643953868402
rrt,RRT,1.4159432653608646
rrt,RRT,1.0719853118252909
rrt,RRT,1.0103828351506392
rrt,RRT,1.0
rrt,RRT,1.005977883477773
rrt,RRT,1.2062794780733586
rrt,RRT,1.012976723170461
rrt,RRT,1.013611066289461
rrt,RRT,1.0557805842027106
rrt,RRT,1.2246395766555036
rrt,RRT,1.0209820483037373
rrt,RRT,1.143971504643991
rrt,RRT,1.1115427824686732
rrt,RRT,1.096542927771747
rrt,RRT,1.611320374011665
rrt,RRT,1.0532777071229573
rrt,RRT,1.0252205472104086
rrt,RRT,1.0343757413193329
rrt,RRT,1.0594403605347822
rrt,RRT,1.218590859099722
rrt,RRT,1.0586451160836206
rrt,RRT,1.271694408482533
rrt,RRT,1.003407499959797
rrt,RRT,1.0310296717992573
rrt,RRT,1.0
rrt,RRT,1.106437351731371
rrt,RRT,1.0052330960679705
rrt,RRT,1.1032749781284539
rrt,RRT,1.0967975384789066
rrt,RRT,1.0301282279095274
rrt,RRT,1.121471009698931
rrt,RRT,1.007876709599401
rrt,RRT,1.0195193557290045
rrt,RRT,1.0029067136777425
rrt,RRT,1.3926164702380728
rrt,RRT,1.0238541165847814
rrt,RRT,1.0311412126387287
rrt,RRT,1.188206685969179
rrt,RRT,1.296535259875542
rrt,RRT,1.411258185534902
rrt,RRT,1.017062888936391
rrt,RRT,1.0921909837059225
rrt,RRT,1.3793461390761768
rrt,RRT,1.0260297897032367
rrt,RRT,1.0414017515255758
rrt,RRT,1.1955798093707006
rrt,RRT,1.1021197346198255
rrt,RRT,1.000841762922744
rrt,RRT,1.0072501867871824
rrt,RRT,1.0179438170678565
rrt,RRT,1.0276064990674008
rrt,RRT,1.0276846356017069
rrt,RRT,1.075852077654398
rrt,RRT,1.0086170974496944
rrt,RRT,1.0746151935222645
rrt,RRT,1.0037486587966078
rrt,RRT,1.0113456005406345
rrt,RRT,1.0110045704152995
rrt,RRT,1.501313973553302
rrt,RRT,1.0
rrt,RRT,1.0120039529285958
rrt,RRT,1.1562041030743728
rrt,RRT,1.0597893437426975
rrt,RRT,1.0031719218591537
rrt,RRT,1.2529792514563547
rrt,RRT,1.117080876139833
rrt,RRT,1.0156811333140199
rrt,RRT,1.0
rrt,RRT,1.2297562046965733
rrt,RRT,1.004193696318333
rrt,RRT,1.0070613163517677
rrt,RRT,1.125657366967583
rrt,RRT,1.009891917376645
rrt,RRT,1.02900030404961
rrt,RRT,1.350725555544477
rrt,RRT,1.0013531750598608
rrt,RRT,1.0927760453931312
rrt,RRT,1.1406008279045048
rrt,RRT,1.186762011848524
rrt,RRT,1.0049618569467802
rrt,RRT,1.0024155685327283
rrt,RRT,1.3635377439033438
rrt,RRT,1.2308580554477517
rrt,RRT,1.0409717170171142
rrt,RRT,1.0244497923445917
rrt,RRT,1.0552692112156126
rrt,RRT,1.0089388523253462
rrt,RRT,1.010820811371711
rrt,RRT,1.3301555048367362
rrt,RRT,1.29362962275969
rrt,RRT,1.7969152677721842
rrt,RRT,1.0581320845429305
rrt,RRT,1.2131417707261158
rrt,RRT,1.1097544504545163
rrt,RRT,1.4146105555773105
rrt,RRT,1.208075450823369
rrt,RRT,1.0022745484263633
rrt,RRT,1.0773487738741478
rrt,RRT,1.2093323026885234
rrt,RRT,1.4745217642450652
rrt,RRT,1.0609892140090795
rrt,RRT,1.384309406690204
rrt,RRT,1.0674180768922041
rrt,RRT,1.0767478235264385
rrt,RRT,1.013711783128102
rrt,RRT,1.3059415764064786
rrt,RRT,1.0
rrt,RRT,1.2224828212179715
rrt,RRT,1.334811428435488
rrt,RRT,1.247866659606045
rrt,RRT,1.0063032161219507
rrt,RRT,1.034450543085576
rrt,RRT,1.2848619151121055
rrt,RRT,1.339857464177847
rrt,RRT,1.0138798949597694
rrt,RRT,1.0166483256671717
rrt,RRT,1.2570353533724707
rrt,RRT,1.3565269610519786
rrt,RRT,1.2608383947546533
rrt,RRT,1.044887268719535
rrt,RRT,1.049465015097188
rrt,RRT,1.0530155700210795
rrt,RRT,1.015261481244202
rrt,RRT,1.0479055881774824
rrt,RRT,1.0931432679664754
rrt,RRT,1.0101443783314166
rrt,RRT,1.0224479041684686
rrt,RRT,1.0371325249541392
rrt,RRT,1.028276440184493
rrt,RRT,1.0758038766336675
rrt,RRT,1.2026568583070114
rrt,RRT,1.1607858511631644
rrt,RRT,1.0209027011406928
rrt,RRT,1.0162600829605866
rrt,RRT,1.064127319834436
rrt,RRT,1.0045801371300402
rrt,RRT,1.1600397531258335
rrt,RRT,1.2318188827791388
rrt,RRT,1.3999048134191199
rrt,RRT,1.1557544256555223
rrt,RRT,1.053553204801126
rrt,RRT,1.0034617508170423
rrt,RRT,1.0076178292544906
rrt,RRT,1.488980899738608
rrt,RRT,1.0797573431463945
rrt,RRT,1.0219111352653787
rrt,RRT,1.0418975239451818
rrt,RRT,1.0061006336216063
rrt,RRT,1.0333714998254857
rrt,RRT,1.0079312967689953
rrt,RRT,1.120628237179439
rrt,RRT,1.0089654293938652
rrt,RRT,1.0865540288941888
rrt,RRT,1.0056289459519239
rrt,RRT,1.0487300582289127
rrt,RRT,1.153408562998416
rrt,RRT,1.2279326488367959
rrt,RRT,1.0638847447646522
rrt,RRT,1.180169859731895
rrt,RRT,1.4359828111752238
rrt,RRT,1.348401620305161
rrt,RRT,1.0988061839927923
rrt,RRT,1.0218949498062035
rrt,RRT,1.1415527407506871
rrt,RRT,1.0185361887841249
rrt,RRT,1.4708675644684606
rrt,RRT,1.2526747996578074
rrt,RRT,1.023577310806782
rrt,RRT,1.147324383978621
rrt,RRT,1.0014063512499969
rrt,RRT,1.1234107066051258
rrt,RRT,1.0862886236620886
rrt,RRT,1.2287164225272247
rrt,RRT,1.0383609157674707
rrt,RRT,1.3645803007433017
rrt,RRT,1.2954481163364868
rrt,RRT,1.066690552286936
rrt,RRT,1.0
rrt,RRT,1.0123375456263444
rrt,RRT,1.0398263227813744
rrt,RRT,1.004722746715385
rrt,RRT,1.0230797352932806
rrt,RRT,1.0023228938724442
rrt,RRT,1.1133919861881465
rrt,RRT,1.5991214972822154
rrt,RRT,1.0278142325159116
rrt,RRT,1.0156045378854965
rrt,RRT,1.028328878538421
rrt,RRT,1.1607650306216128
rrt,RRT,1.1534338603091618
rrt,RRT,1.0596920272932575
rrt,RRT,1.05122651471106
rrt,RRT,1.1631155694677149
rrt,RRT,1.1220006566924807
rrt,RRT,1.0
rrt,RRT,1.471879934451925
rrt,RRT,1.0140311807847922
rrt,RRT,1.3041688964898142
rrt,RRT,1.199731931673156
rrt,RRT,1.0174263041191252
rrt,RRT,1.0997851045564027
rrt,RRT,1.0958125267524619
rrt,RRT,1.0531579023568292
rrt,RRT,1.0504599590200518
rrt,RRT,1.3277006598906633
rrt,RRT,1.0101269827717962
rrt,RRT,1.0715640770703605
rrt,RRT,1.0598943390809374
rrt,RRT,1.2985185640575287
rrt,RRT,1.2084414540404818
rrt,RRT,1.2243356947991269
rrt,RRT,1.0783545135380088
rrt,RRT,1.116303314672429
rrt,RRT,1.042557235736483
rrt,RRT,1.0261597699733043
rrt,RRT,1.0141666833863294
rrt,RRT,1.034990017483051
rrt,RRT,1.105188285583337
rrt,RRT,1.0206009610454327
rrt,RRT,1.0156491222931914
rrt,RRT,1.06282655373791
rrt,RRT,1.0263264875911473
rrt,RRT,1.0127324077701916
rrt,RRT,1.0
rrt,RRT,1.0952268339629727
rrt,RRT,1.046213652195702
rrt,RRT,1.0637335885627293
rrt,RRT,1.0025289268620021
rrt,RRT,1.155197771377855
rrt,RRT,1.0466077484073661
rrt,RRT,1.0676351632601504
rrt,RRT,1.0437107295885344
rrt,RRT,1.0329789011257984
rrt,RRT,1.0230693357571914
rrt,RRT,1.04316772434298
rrt,RRT,1.0
rrt,RRT,1.0393656940593263
rrt,RRT,1.0997343310326315
rrt,RRT,1.0537272218715685
rrt,RRT,1.0100186862576184
rrt,RRT,1.026232257554892
rrt,RRT,1.0450080434517564
rrt,RRT,1.0194171194420414
rrt,RRT,1.0021111382708094
rrt,RRT,1.149129135449778
rrt,RRT,1.0195644045318886
rrt,RRT,1.1444700018823915
rrt,RRT,1.0086122001475175
rrt,RRT,1.2767611077226921
rrt,RRT,1.0139460014483217
rrt,RRT,1.008836440252247
rrt,RRT,1.016077434223178
rrt,RRT,1.094997098649655
rrt,RRT,1.472998254012973
rrt,RRT,1.2016819827117515
rrt,RRT,1.0654592308137323
rrt,RRT,1.0023077569269543
rrt,RRT,1.0
rrt,RRT,1.0174160437499287
rrt,RRT,1.0102592724120494
rrt,RRT,1.0009676331918922
rrt,RRT,1.171001612986737
rrt,RRT,1.0197605121095412
rrt,RRT,1.0168880627294807
rrt,RRT,1.118772956250214
rrt,RRT,1.0928946334656036
rrt,RRT,1.2961572694559207
rrt,RRT,1.0158928844461195
rrt,RRT,1.098924353979922
rrt,RRT,1.0307838120864146
rrt,RRT,1.0139300506488014
rrt,RRT,1.0037620968603203
rrt,RRT,1.1119064769638853
rrt,RRT,1.0188057494749465
rrt,RRT,1.3870980505794488
rrt,RRT,1.1544426045434641
rrt,RRT,1.189383984047668
rrt,RRT,1.1715273334696443
rrt,RRT,1.3136201449243174
rrt,RRT,1.276459152472032
rrt,RRT,1.1561801411551682
rrt,RRT,1.0090376705112243
rrt,RRT,1.0
rrt,RRT,1.0112675785637177
rrt,RRT,1.0799138020871084
rrt,RRT,1.0395557470613426
rrt,RRT,1.6790391614642124
rrt,RRT,1.1618285284064291
rrt,RRT,1.0
rrt,RRT,1.0939623241807368
rrt,RRT,1.0316094599990842
rrt,RRT,2.1985718767507443
rrt,RRT,1.0639432175694983
rrt,RRT,1.0394658940555837
rrt,RRT,1.0620734349089498
rrt,RRT,1.0007332119710926
rrt,RRT,1.00355756982759
rrt,RRT,1.158111953359499
rrt,RRT,1.0434402105675273
rrt,RRT,1.0900052287034017
rrt,RRT,1.0851580178928788
rrt,RRT,1.028830238944809
rrt,RRT,1.02709776334978
rrt,RRT,1.1811304919604213
rrt,RRT,1.0060099920425385
rrt,RRT,1.0326061133729185
rrt,RRT,1.0031517387974347
rrt,RRT,1.3504275230521583
rrt,RRT,1.025942663618974
rrt,RRT,1.169572648811255
rrt,RRT,1.080638625165799
rrt,RRT,1.4293226812616684
rrt,RRT,1.098363385337209
rrt,RRT,1.1421059938750897
rrt,RRT,1.0630509275221223
rrt,RRT,1.027503310577162
rrt,RRT,1.385897889912862
rrt,RRT,1.047975618887709
rrt,RRT,1.162567549590168
rrt,RRT,1.0641336628825193
rrt,RRT,1.0206009413064046
rrt,RRT,1.0354144527940323
rrt,RRT,1.1265621907747618
rrt,RRT,1.0759818829186145
rrt,RRT,1.093003558654425
rrt,RRT,1.0137098465541436
rrt,RRT,1.0457906604392697
rrt,RRT,1.070117460833149
rrt,RRT,1.018110746571405
rrt,RRT,1.0413854558513558
rrt,RRT,1.0145307297372455
rrt,RRT,1.3874838519830768
rrt,RRT,1.032852516730802
rrt,RRT,1.0660396936097272
rrt,RRT,1.119863098200013
rrt,RRT,1.2482966294777607
rrt,RRT,1.085296548064627
rrt,RRT,1.0481793555780672
rrt,RRT,1.0
rrt,RRT,1.0609402700960102
rrt,RRT,1.1277859943815083
rrt,RRT,1.0032811521349752
rrt,RRT,1.1785385440858442
rrt,RRT,1.0035533669464385
rrt,RRT,1.4712419748024268
rrt,RRT,1.0110618364017572
rrt,RRT,1.0340692127104953
rrt,RRT,1.0146481734715274
rrt,RRT,1.0326036605614322
rrt,RRT,1.184625782390066
rrt,RRT,1.0096029178094974
rrt,RRT,1.0804547421998885
rrt,RRT,1.2747963605530817
rrt,RRT,1.031970215861359
rrt,RRT,1.0832109505642356
rrt,RRT,1.1249964191989528
rrt,RRT,1.3530357029561932
rrt,RRT,1.1295200852833125
rrt,RRT,1.1438415212853887
rrt,RRT,1.1649314263034796
rrt,RRT,1.2947541600248016
rrt,RRT,1.140724901298793
rrt,RRT,1.0890413604170426
rrt,RRT,1.0203904982445975
rrt,RRT,1.0136521295173384
rrt,RRT,1.2908948246186924
rrt,RRT,1.0074538292852764
rrt,RRT,1.0
rrt,RRT,1.0017329874328174
rrt,RRT,1.0231056513025922
rrt,RRT,1.0487920190413316
rrt,RRT,1.1406560498487983
rrt,RRT,1.3173174129860912
rrt,RRT,1.0232333226581118
rrt,RRT,1.4533544443584132
rrt,RRT,1.1038735398935664
rrt,RRT,1.0202894137317933
rrt,RRT,1.0025302451546114
rrt,RRT,1.1124337674934839
rrt,RRT,1.0048991474572777
rrt,RRT,1.0602837402945373
rrt,RRT,1.0599979153121635
rrt,RRT,1.0010133315764715
rrt,RRT,1.214885124469063
rrt,RRT,1.2263463238747327
rrt,RRT,1.251775343032494
rrt,RRT,1.0339392706052426
rrt,RRT,1.0280158022438555
rrt,RRT,1.0086627567564561
rrt,RRT,1.1440271171360952
rrt,RRT,1.1607440512378346
rrt,RRT,1.241951197797576
rrt,RRT,1.0521189561145172
rrt,RRT,1.0174221320086232
rrt,RRT,1.1875936800568212
rrt,RRT,1.1087361597922842
rrt,RRT,1.3278012388972775
rrt,RRT,1.2126493334175998
rrt,RRT,1.0501251161030785
rrt,RRT,1.3708525491912156
rrt,RRT,1.106976098858628
rrt,RRT,1.0086058730956762
rrt,RRT,1.2653941937845616
rrt,RRT,1.1590117029566516
rrt,RRT,1.1045012132986456
rrt,RRT,1.0502594465514858
rrt,RRT,1.0082144227583119
rrt,RRT,1.107244389475032
rrt,RRT,1.2434012284234637
rrt,RRT,1.0558990868111091
rrt,RRT,1.163009845004134
rrt,RRT,1.0146006933375724
rrt,RRT,1.3780791941600563
rrt,RRT,1.328330015262908
rrt,RRT,1.0856956341586534
rrt,RRT,1.2767551949672344
rrt,RRT,1.0
rrt,RRT,1.1119227075175404
rrt,RRT,1.0312714487339418
rrt,RRT,1.0355607687598618
rrt,RRT,1.1795725448561483
rrt,RRT,1.2348035100384662
rrt,RRT,1.0054205115728305
rrt,RRT,1.0125160647109113
rrt,RRT,1.07537099069288
rrt,RRT,1.064646152665264
rrt,RRT,1.0349366286569468
rrt,RRT,1.270799157400101
rrt,RRT,1.3417364606308613
rrt,RRT,1.0051961784440868
rrt,RRT,1.013275103794632
rrt,RRT,1.275515935198508
rrt,RRT,1.0124297562539448
rrt,RRT,1.0725292952276733
rrt,RRT,1.483401041844598
rrt,RRT,1.0874835383189907
rrt,RRT,1.0071819934469064
rrt,RRT,1.0705974817293338
rrt,RRT,1.1944017542711711
rrt,RRT,1.0237954051907616
rrt,RRT,1.2998701639351804
rrt,RRT,1.0
rrt,RRT,1.0694678548649492
rrt,RRT,1.0585864935745202
rrt,RRT,1.2032362715744283
rrt,RRT,1.0044502649198817
rrt,RRT,1.321443220614762
rrt,RRT,1.1765140872522988
rrt,RRT,1.03623706922507
rrt,RRT,1.215700305566381
rrt,RRT,1.018385938768301
rrt,RRT,1.1510542517676077
rrt,RRT,1.073358664258103
rrt,RRT,1.0267779378518802
rrt,RRT,1.0079108628851354
rrt,RRT,1.1991035245363295
rrt,RRT,1.136937846621077
rrt,RRT,1.3307891043323978
rrt,RRT,1.0051129979398912
rrt,RRT,1.32779130229922
rrt,RRT,1.0251959411514049
rrt,RRT,1.0
rrt,RRT,1.0878761389053462
rrt,RRT,1.0969442050312335
rrt,RRT,1.0290049907943994
rrt,RRT,1.0816754085952731
rrt,RRT,1.3369804115390074
rrt,RRT,1.004402383143133
rrt,RRT,1.3037084817953328
rrt,RRT,1.0064077788136951
rrt,RRT,1.2245829246493765
rrt,RRT,1.0657196910110007
rrt,RRT,1.2511213005840578
rrt,RRT,1.040584866614911
rrt,RRT,1.0353031661711
rrt,RRT,1.0757217487792643
rrt,RRT,1.0693009066711392
rrt,RRT,1.1091220051221249
rrt,RRT,1.0201293680173702
rrt,RRT,1.0128875220444795
rrt,RRT,1.0093833653878759
rrt,RRT,1.0039474237615709
rrt,RRT,1.0363593040639245
rrt,RRT,1.004040734438381
rrt,RRT,1.0210141247888658
rrt,RRT,1.170007547049893
rrt,RRT,1.0
rrt,RRT,1.1158776609593222
rrt,RRT,1.002441653722994
rrt,RRT,1.0051470452550801
rrt,RRT,1.2551104031028026
rrt,RRT,1.0
rrt,RRT,1.123283887970447
rrt,RRT,1.4200891186235352
rrt,RRT,1.242582223286915
rrt,RRT,1.043397505791245
rrt,RRT,1.180105139835618
rrt,RRT,1.0818177309060135
rrt,RRT,1.163102984760333
rrt,RRT,1.005988992059379
rrt,RRT,1.0018615840993763
rrt,RRT,1.0237588076275825
rrt,RRT,1.1489117949143648
rrt,RRT,1.0010569677908099
rrt,RRT,1.0017347785738744
rrt,RRT,1.1517099872101286
rrt,RRT,1.2798175364396058
rrt,RRT,1.1648422253676654
rrt,RRT,1.1281023969955188
rrt,RRT,1.0289951396042896
rrt,RRT,1.0012654748571257
rrt,RRT,1.00165100905597
rrt,RRT,1.0726957251223588
rrt,RRT,1.2560101683176421
rrt,RRT,1.0066302638127076
rrt,RRT,1.2713031464081441
rrt,RRT,1.0455246034370667
rrt,RRT,1.1046876880498624
rrt,RRT,1.0085823059269459
rrt,RRT,1.0310190155723291
rrt,RRT,1.223268843445884
rrt,RRT,1.0260860695226313
rrt,RRT,1.0892319174141987
rrt,RRT,1.1083252826489374
rrt,RRT,1.1268035345234888
rrt,RRT,1.1910729030799143
rrt,RRT,1.19375415911569
rrt,RRT,1.1460420026064322
rrt,RRT,1.0004455488884034
rrt,RRT,1.1314357909118968
rrt,RRT,1.2234913919972994
rrt,RRT,1.005204756452649
rrt,RRT,1.0190927394243239
rrt,RRT,1.0105099304523835
rrt,RRT,1.005060475801633
rrt,RRT,1.0468677897390082
rrt,RRT,1.4092371261693002
rrt,RRT,1.091409972336033
rrt,RRT,1.2375513980655597
rrt,RRT,1.0396715263413576
rrt,RRT,1.051488853952254
rrt,RRT,1.0277810293366583
rrt,RRT,1.2669762645589495
rrt,RRT,1.0293602895341447
rrt,RRT,1.0230144158467636
rrt,RRT,1.3252021337265092
rrt,RRT,1.3077379902808401
rrt,RRT,1.0040173095481755
rrt,RRT,1.2997681672827484
rrt,RRT,1.0094083947091559
rrt,RRT,1.002886548221529
rrt,RRT,1.2023413501555322
rrt,RRT,1.0627852569231533
rrt,RRT,1.1061190939756416
rrt,RRT,1.0056925441385254
rrt,RRT,1.0212700064405213
rrt,RRT,1.0
rrt,RRT,1.0840790693313505
rrt,RRT,1.0715193425864904
rrt,RRT,1.040555662018379
rrt,RRT,1.035797254539822
rrt,RRT,1.1305148699685863
rrt,RRT,1.3190068474519083
rrt,RRT,1.1842109987957985
rrt,RRT,1.0812012229339074
rrt,RRT,1.140670108015301
rrt,RRT,1.1119569373601155
rrt,RRT,1.086030082094581
rrt,RRT,1.0
rrt,RRT,1.1131313617272516
rrt,RRT,1.0764218245825299
rrt,RRT,1.0146237116737329
rrt,RRT,1.0905127828271473
rrt,RRT,1.1747609118264335
rrt,RRT,1.3771486000410522
rrt,RRT,1.5371706029499854
rrt,RRT,1.0554526029473765
rrt,RRT,1.0566016074806954
rrt,RRT,1.003353767422801
rrt,RRT,1.0910525820752575
rrt,RRT,1.0767598675046444
rrt,RRT,1.429381834426972
rrt,RRT,1.0347173467656838
rrt,RRT,1.0063253732650583
rrt,RRT,1.0186409221643578
rrt,RRT,1.0278934014704861
rrt,RRT,1.030356956788954
rrt,RRT,1.0161976263469317
rrt,RRT,1.216069608669337
rrt,RRT,1.016791112147469
rrt,RRT,1.0497152702511112
rrt,RRT,1.0378156274054076
rrt,RRT,1.2879630092546515
rrt,RRT,1.274803787780668
rrt,RRT,1.0123540584602908
rrt,RRT,1.13456047654995
rrt,RRT,1.0127560172621002
rrt,RRT,1.1392123647400063
rrt,RRT,1.454110829980397
rrt,RRT,1.4561381266345064
rrt,RRT,1.0509006034448516
rrt,RRT,1.1187466126522332
rrt,RRT,1.0271371755024463
rrt,RRT,1.0059836652179182
rrt,RRT,1.155363236156555
rrt,RRT,1.0209352165059884
rrt,RRT,1.0144759385950766
rrt,RRT,1.0090970567573778
rrt,RRT,1.2762901332948027
rrt,RRT,1.012743721956824
rrt,RRT,1.2199562670482191
rrt,RRT,1.0036841262240224
rrt,RRT,1.0032967949533471
rrt,RRT,1.1569651256316025
rrt,RRT,1.0268739882118476
rrt,RRT,1.0325400984134916
rrt,RRT,1.0066854284758155
rrt,RRT,1.103061643856429
rrt,RRT,1.1234237334384722
rrt,RRT,1.353482509768665
rrt,RRT,1.0030700282695106
rrt,RRT,1.0132987586145348
rrt,RRT,1.1225161389638738
rrt,RRT,1.064125381824229
rrt,RRT,1.168271618669842
rrt,RRT,1.225586743980605
rrt,RRT,1.1247661168503897
rrt,RRT,1.091547599852654
rrt,RRT,1.0156280109345597
rrt,RRT,1.0003122837931981
rrt,RRT,1.00800596600405
rrt,RRT,1.1726966363392775
rrt,RRT,1.106081785586252
rrt,RRT,1.0494638392009357
rrt,RRT,1.1696230101019522
rrt,RRT,1.0031986967151851
rrt,RRT,1.0032243259953317
rrt,RRT,1.0359067602729781
rrt,RRT,1.127527300977448
rrt,RRT,1.0193941182614819
rrt,RRT,1.0118245314079315
rrt,RRT,1.1049797877784429
rrt,RRT,1.2635314193518055
rrt,RRT,1.076627903135128
rrt,RRT,1.0702842435415505
rrt,RRT,1.0230565639265337
rrt,RRT,1.0162755422635936
rrt,RRT,1.0
rrt,RRT,1.326855922309391
rrt,RRT,1.3136346676920898
rrt,RRT,1.0248012688148458
rrt,RRT,1.1540726371910834
rrt,RRT,1.1844505361024043
rrt,RRT,1.0468510753207612
rrt,RRT,1.070767851026826
rrt,RRT,1.1477503325169796
rrt,RRT,1.0732714024963204
rrt,RRT,1.2929988658748068
rrt,RRT,1.0031411680145066
rrt,RRT,1.11369393434904
rrt,RRT,1.102887271009102
rrt,RRT,1.4051727485808703
rrt,RRT,1.0310902502172945
rrt,RRT,1.287287595283172
rrt,RRT,1.5676189760319752
rrt,RRT,1.0895394219546113
rrt,RRT,1.0053644929260597
rrt,RRT,1.0478862184934878
rrt,RRT,1.2443051031265087
rrt,RRT,1.0277803470607316
rrt,RRT,1.4547853201440386
rrt,RRT,1.305151724694552
rrt,RRT,1.0411811531872068
rrt,RRT,1.007478777967497
rrt,RRT,1.3683174952695416
rrt,RRT,1.0190411134734139
rrt,RRT,1.0997293852300924
rrt,RRT,1.043060569911967
rrt,RRT,1.0220197952607035
rrt,RRT,1.3185173617514796
rrt,RRT,1.054460810426926
rrt,RRT,1.0263815732145356
rrt,RRT,1.0442582539999
rrt,RRT,1.0065517338108616
rrt,RRT,1.0155866393434771
rrt,RRT,1.1632660436945812
rrt,RRT,1.0087638358057007
rrt,RRT,1.1219621584940604
rrt,RRT,1.0165178395117853
rrt,RRT,1.0388052606107225
rrt,RRT,1.018537432365023
rrt,RRT,1.035413138775878
rrt,RRT,1.1522395523369635
rrt,RRT,1.0284854942621573
rrt,RRT,1.034060271044398
rrt,RRT,1.1400917730065852
rrt,RRT,1.0208697136869336
rrt,RRT,1.0810127076491154
rrt,RRT,1.3832697602234192
rrt,RRT,1.185714446013674
rrt,RRT,1.059567130361649
rrt,RRT,1.1123923363004569
rrt,RRT,1.0
rrt,RRT,1.095691103710413
rrt,RRT,1.0698738693323089
rrt,RRT,1.0
rrt,RRT,1.008084683052025
rrt,RRT,1.0094859614477873
rrt,RRT,1.1256590970071467
rrt,RRT,1.00088475923569
rrt,RRT,1.0128515231690047
rrt,RRT,1.0940042515968487
rrt,RRT,1.0182348682909623
rrt,RRT,1.0251488986103194
rrt,RRT,1.008035831424423
rrt,RRT,1.000156472110406
rrt,RRT,1.2352482633256305
rrt,RRT,1.0028939192550925
rrt,RRT,1.0777518986399193
rrt,RRT,1.0
rrt,RRT,1.0566015184108104
rrt,RRT,1.25674795731801
rrt,RRT,1.0918675394111261
rrt,RRT,1.6086876488524746
rrt,RRT,1.3700632346858979
rrt,RRT,1.0010230287343782
rrt,RRT,1.4114254914018478
rrt,RRT,1.0041545746902198
rrt,RRT,1.2760798040722257
rrt,RRT,1.0772142385720502
rrt,RRT,1.0575202440575662
rrt,RRT,1.0959217545896442
rrt,RRT,1.1112355551326483
rrt,RRT,1.030133261274489
rrt,RRT,1.0264848209969029
rrt,RRT,1.0200937209379406
rrt,RRT,1.1927592709552213
rrt,RRT,1.2452609006741704
rrt,RRT,1.0379421948521352
rrt,RRT,1.1550524666772184
rrt,RRT,1.0635101846841257
rrt,RRT,1.0
rrt,RRT,1.4352827024685544
rrt,RRT,1.2509019209748466
rrt,RRT,1.1932997250119448
rrt,RRT,1.0331582496692884
rrt,RRT,1.1952755110821756
rrt,RRT,1.39896049126465
rrt,RRT,1.0006890996678062
rrt,RRT,1.442615449997885
rrt,RRT,1.011123486301331
rrt,RRT,1.0423840415017769
rrt,RRT,1.0020362000917
rrt,RRT,1.406206974277637
rrt,RRT,1.0639649077553375
rrt,RRT,1.0701552285870681
rrt,RRT,1.0059019351045175
rrt,RRT,1.2771736999554573
rrt,RRT,1.0051359860400517
rrt,RRT,1.1537531209434675
rrt,RRT,1.102206656469834
rrt,RRT,1.009175571139587
rrt,RRT,1.0737326613932952
rrt,RRT,1.0433660955076285
rrt,RRT,1.0492441558246883
rrt,RRT,1.3277844840483832
rrt,RRT,1.3153087900573734
rrt,RRT,1.0202806853010937
rrt,RRT,1.223997339256507
rrt,RRT,1.4227975571965334
rrt,RRT,1.0481528347137217
rrt,RRT,1.103823944077618
rrt,RRT,1.0445505738791867
rrt,RRT,1.1398705424994702
rrt,RRT,1.0568325367393394
rrt,RRT,1.007607879274513
rrt,RRT,1.496446125131668
rrt,RRT,1.0550200117867519
rrt,RRT,1.028525002503394
rrt,RRT,1.1640716654483054
rrt,RRT,1.3852859397647816
rrt,RRT,1.0
rrt,RRT,1.1863867974220683
rrt,RRT,1.0510032401901805
rrt,RRT,1.0336976660216348
rrt,RRT,1.0010777402369548
rrt,RRT,1.0222755217714197
rrt,RRT,1.0518423870745446
rrt,RRT,1.002525245755872
rrt,RRT,1.0066110646806452
rrt,RRT,1.1293764751659603
rrt,RRT,1.0139745906870503
rrt,RRT,1.0
rrt,RRT,1.0770989667236919
rrt,RRT,1.0032293908649133
rrt,RRT,1.2839974314181783
rrt,RRT,1.0859193176323394
rrt,RRT,1.0040918405663353
rrt,RRT,1.010856244577008
rrt,RRT,1.0619350847318878
rrt,RRT,1.0205501573497033
rrt,RRT,1.1147179666055933
rrt,RRT,1.001144917767313
rrt,RRT,1.3402524304034145
rrt,RRT,1.1513749699573008
rrt,RRT,1.0
rrt,RRT,1.3548961125519674
rrt,RRT,1.0617419800676056
rrt,RRT,1.0059988314272252
rrt,RRT,1.0069894129394346
rrt,RRT,1.2311114590646646
rrt,RRT,1.1074478615126109
rrt,RRT,1.0753579364100565
rrt,RRT,1.1181124823764543
rrt,RRT,1.2086974000283637
rrt,RRT,1.0765319620356666
rrt,RRT,1.284948988694858
rrt,RRT,1.3944979279706
rrt,RRT,1.0050673991397001
rrt,RRT,1.0
rrt,RRT,1.5431626380676744
rrt,RRT,1.118077998284293
rrt,RRT,1.0407206186094013
rrt,RRT,1.0140129781105776
rrt,RRT,1.557611767272729
rrt,RRT,1.0
rrt,RRT,1.3373352111019894
rrt,RRT,1.1399750978607528
rrt,RRT,1.0073710898344193
rrt,RRT,1.124454411469057
rrt,RRT,1.0
rrt,RRT,1.1390563482727876
rrt,RRT,1.0586140909039954
rrt,RRT,1.0
rrt,RRT,1.1650583611556224
rrt,RRT,1.0
rrt,RRT,1.1170359951756144
rrt,RRT,1.1583337825921687
rrt,RRT,1.2070558611201483
rrt,RRT,1.1205128798015611
rrt,RRT,1.050971203954205
rrt,RRT,1.2525835154188651
rrt,RRT,1.0872129939047175
rrt,RRT,1.1012818406215525
rrt,RRT,1.2375587285177332
rrt,RRT,1.0421713876379664
rrt,RRT,1.2532676589926328
rrt,RRT,1.2545776586437538
rrt,RRT,1.1752185798289139
rrt,RRT,1.0038414271487839
rrt,RRT,1.005090650861926
rrt,RRT,1.0
rrt,RRT,1.0268393187869624
rrt,RRT,1.0466174657166418
rrt,RRT,1.266717987489622
rrt,RRT,1.252145568515064
rrt,RRT,1.0357011814768629
rrt,RRT,1.0
rrt,RRT,1.0104800779895255
rrt,RRT,1.0201312508978273
rrt,RRT,1.0000547736813676
rrt,RRT,1.0075505137185554
rrt,RRT,1.0321636018378888
rrt,RRT,1.0069614970903171
rrt,RRT,1.0979616468628741
rrt,RRT,1.0609714525291365
rrt,RRT,1.8016554099864301
rrt,RRT,1.0818031096963574
rrt,RRT,1.0034308093747604
rrt,RRT,1.0003510352734388
rrt,RRT,1.30579213562892
rrt,RRT,1.0141078319592272
rrt,RRT,1.0082236977337795
rrt,RRT,1.0460641497763117
rrt,RRT,1.0522898262522635
rrt,RRT,1.1182699297864793
rrt,RRT,1.0671640788280945
rrt,RRT,1.1161526708081342
rrt,RRT,1.1145196239320492
rrt,RRT,1.248715576093125
rrt,RRT,1.009843304038144
rrt,RRT,1.0718713174912458
rrt,RRT,1.0027691498813498
rrt,RRT,1.0
rrt,RRT,1.00258298660381
rrt,RRT,1.0
rrt,RRT,1.096020731183921
rrt,RRT,1.0314600902628919
rrt,RRT,1.35362680321138
rrt,RRT,1.025378643468841
rrt,RRT,1.152207477979804
rrt,RRT,1.0
rrt,RRT,1.0785628486803347
rrt,RRT,1.0212335497526444
rrt,RRT,1.4720695661384453
rrt,RRT,1.0744734139505019
rrt,RRT,1.229656108540825
rrt,RRT,1.330573501444115
rrt,RRT,1.0020056512741904
rrt,RRT,1.0240077996733195
rrt,RRT,1.0169474322268366
rrt,RRT,1.0407693827197932
rrt,RRT,1.038227408795674
rrt,RRT,1.0204054927974058
rrt,RRT,1.020893798041175
rrt,RRT,1.130656701643432
rrt,RRT,1.1610621529168843
rrt,RRT,1.049298126546678
rrt,RRT,1.0047364628362312
rrt,RRT,1.5568761944990488
rrt,RRT,1.0721512934787079
rrt,RRT,1.2919173051155137
rrt,RRT,1.1770018218454072
rrt,RRT,1.094528926205854
rrt,RRT,1.1830086947480098
rrt,RRT,1.1194388338931882
rrt,RRT,1.0024547905255128
rrt,RRT,1.0161005960245533
rrt,RRT,1.029521738811214
rrt,RRT,1.0781326170982513
rrt,RRT,1.0214289914412131
rrt,RRT,1.0561086634020516
rrt,RRT,1.020952796155931
rrt,RRT,1.0140370907975422
rrt,RRT,1.1184299949602654
rrt,RRT,1.0888882601482555
rrt,RRT,1.0716229798124084
rrt,RRT,1.069289733535424
rrt,RRT,1.1787767594403973
rrt,RRT,1.2672651126434142
rrt,RRT,1.2855965444614064
rrt,RRT,1.0108220778226404
rrt,RRT,1.0312120637986328
rrt,RRT,1.0
rrt,RRT,1.0578063266255566
rrt,RRT,1.015676130749071
rrt,RRT,1.2269278612274557
rrt,RRT,1.06603494116582
rrt,RRT,1.131535642926817
rrt,RRT,1.0209305188747753
rrt,RRT,1.0850347464280312
rrt,RRT,1.0704439105819803
rrt,RRT,1.0
rrt,RRT,1.24773238319366
rrt,RRT,1.2812967707143834
rrt,RRT,1.0972448930132992
rrt,RRT,1.0031215128937911
rrt,RRT,1.2237034788210885
rrt,RRT,1.0255336429159936
rrt,RRT,1.0667847409099405
rrt,RRT,1.0154047751249111
rrt,RRT,1.0
rrt,RRT,1.0656375013425852
rrt,RRT,1.1864110212270653
rrt,RRT,1.156669181469441
rrt,RRT,1.1176679951995079
rrt,RRT,1.0070985495420337
rrt,RRT,1.0282260973180974
rrt,RRT,1.0099438532131066
rrt,RRT,1.0221681124539672
rrt,RRT,1.1067189717178192
rrt,RRT,1.4111366551970508
rrt,RRT,1.3733624301940504
rrt,RRT,1.0051898014199543
rrt,RRT,1.0265815224893173
rrt,RRT,1.121040021502075
rrt,RRT,1.0327939074884744
rrt,RRT,1.0475217848150562
rrt,RRT,1.3967386106725814
rrt,RRT,1.0220432335578866
rrt,RRT,1.3286251303911776
rrt,RRT,1.0075464888087533
rrt,RRT,1.1651832993774613
rrt,RRT,1.078214460993508
rrt,RRT,1.0214041138749135
rrt,RRT,1.3011120956183246
rrt,RRT,1.0213451585314313
rrt,RRT,1.1682865701155942
rrt,RRT,1.1679114915917137
rrt,RRT,1.3045395882935513
rrt,RRT,1.066630832152368
rrt,RRT,1.0166521456497921
rrt,RRT,1.2729784832489028
rrt,RRT,1.002864536879668
rrt,RRT,1.0780001964494448
rrt,RRT,1.0027222388579053
rrt,RRT,1.1248164773825713
rrt,RRT,1.191547109136608
rrt,RRT,1.012086997579516
rrt,RRT,1.1473799557339122
rrt,RRT,1.0836414714128482
rrt,RRT,1.1694815636859894
rrt,RRT,1.0267481449291604
rrt,RRT,1.0211694232669952
rrt,RRT,1.0491952777580884
rrt,RRT,1.2506320016428456
rrt,RRT,1.056123671241801
rrt,RRT,1.0
rrt,RRT,1.0133408486769842
rrt,RRT,1.0064822107477933
rrt,RRT,1.0046529550894767
rrt,RRT,1.0986345970084999
rrt,RRT,1.1160203581814485
rrt,RRT,1.0140651514677816
rrt,RRT,1.0306503410695473
rrt,RRT,1.048408101108243
rrt,RRT,1.0407500446535516
rrt,RRT,1.0510967063281813
rrt,RRT,1.291686323244027
rrt,RRT,1.0104021237818357
rrt,RRT,1.0568628202196018
rrt,RRT,1.3114034535309742
rrt,RRT,1.0
rrt,RRT,1.2658027152992826
rrt,RRT,1.0903615041895662
rrt,RRT,1.0312858261233913
rrt,RRT,1.2952833140090965
rrt,RRT,1.0014520809784215
rrt,RRT,1.028565920669423
rrt,RRT,1.0000561617457056
rrt,RRT,1.099846262126413
rrt,RRT,1.3484805701933558
rrt,RRT,1.054413641460128
rrt,RRT,1.3535652421848687
rrt,RRT,1.011221256241363
rrt,RRT,1.5996194784533373
rrt,RRT,1.023014631906497
rrt,RRT,1.0069627159531718
rrt,RRT,1.0737696682101334
rrt,RRT,1.2463342684238794
rrt,RRT,1.0124087394441013
rrt,RRT,1.011874857578754
rrt,RRT,1.1105683987464192
rrt,RRT,1.0744811461865322
rrt,RRT,1.0056342612592333
rrt,RRT,1.4889547105930405
rrt,RRT,1.0479611425216047
rrt,RRT,1.0049197329293287
rrt,RRT,1.3778644405477452
rrt,RRT,1.1451589017050385
rrt,RRT,1.1596669956247614
rrt,RRT,1.0418905131064806
rrt,RRT,1.0063057521288374
rrt,RRT,1.0144014732406743
rrt,RRT,1.0192712868355263
visibility_astar,Visibility A*,1.0058759717425096
visibility_astar,Visibility A*,1.1418576009181565
visibility_astar,Visibility A*,1.0906208476557515
visibility_astar,Visibility A*,1.0008276279291326
visibility_astar,Visibility A*,1.0279380350726564
visibility_astar,Visibility A*,1.0082127772919744
visibility_astar,Visibility A*,1.0300139780102129
visibility_astar,Visibility A*,1.0004640781913738
visibility_astar,Visibility A*,1.0075604411764807
visibility_astar,Visibility A*,1.003543138208365
visibility_astar,Visibility A*,1.0013524993801757
visibility_astar,Visibility A*,1.0033846365211598
visibility_astar,Visibility A*,1.0034421914054896
visibility_astar,Visibility A*,1.0010841453962627
visibility_astar,Visibility A*,1.0256643062000155
visibility_astar,Visibility A*,1.0
visibility_astar,Visibility A*,1.004462399587561
visibility_astar,Visibility A*,1.0235873473591057
visibility_astar,Visibility A*,1.0015075399524573
visibility_astar,Visibility A*,1.2264782428169523
visibility_astar,Visibility A*,1.0085645174067976
visibility_astar,Visibility A*,1.0294700952162381
visibility_astar,Visibility A*,1.0227047515213077
visibility_astar,Visibility A*,1.0110833038278844
visibility_astar,Visibility A*,1.0083688280914014
visibility_astar,Visibility A*,1.0317701875874048
visibility_astar,Visibility A*,1.0155835981079986
visibility_astar,Visibility A*,1.1982385596269223
visibility_astar,Visibility A*,1.0068700557535168
visibility_astar,Visibility A*,1.000186632946323
visibility_astar,Visibility A*,1.0169834243102258
visibility_astar,Visibility A*,1.0501232371029796
visibility_astar,Visibility A*,1.0016580203080279
visibility_astar,Visibility A*,1.0012183284278255
visibility_astar,Visibility A*,1.0
visibility_astar,Visibility A*,1.0007366921477066
visibility_astar,Visibility A*,1.8112584576367714
visibility_astar,Visibility A*,1.001279789834047
visibility_astar,Visibility A*,1.0064008663170656
visibility_astar,Visibility A*,1.3060897898762764
visibility_astar,Visibility A*,1.2308389128895956
visibility_astar,Visibility A*,1.0514553770208397
visibility_astar,Visibility A*,1.043447350836437
visibility_astar,Visibility A*,1.0011201765954862
visibility_astar,Visibility A*,1.0002614117505555
visibility_astar,Visibility A*,1.018725092552511
visibility_astar,Visibility A*,1.0018531751558506
visibility_astar,Visibility A*,1.0052193276238763
visibility_astar,Visibility A*,1.0031281850959302
visibility_astar,Visibility A*,1.2907459673492123
visibility_astar,Visibility A*,1.1662737678519524
visibility_astar,Visibility A*,1.0260887285290277
visibility_astar,Visibility A*,1.0001931602327896
visibility_astar,Visibility A*,1.0019440982442507
visibility_astar,Visibility A*,1.0323749318145297
visibility_astar,Visibility A*,1.1348132689974273
visibility_astar,Visibility A*,1.007379357232821
visibility_astar,Visibility A*,1.0000121854324011
visibility_astar,Visibility A*,1.001776465888224
visibility_astar,Visibility A*,1.0
visibility_astar,Visibility A*,1.0054178905429625
visibility_astar,Visibility A*,1.4745455879041311
visibility_astar,Visibility A*,1.0110699784294537
visibility_astar,Visibility A*,1.0356993373759116
visibility_astar,Visibility A*,1.0047323968425808
visibility_astar,Visibility A*,1.0208872983810655
visibility_astar,Visibility A*,1.0011602658364624
visibility_astar,Visibility A*,1.0031420587331141
visibility_astar,Visibility A*,1.008580435636872
visibility_astar,Visibility A*,1.1277859387341895
visibility_astar,Visibility A*,1.0
visibility_astar,Visibility A*,1.0011215264663769
visibility_astar,Visibility A*,1.0000001118268174
visibility_astar,Visibility A*,1.023991634152637
visibility_astar,Visibility A*,1.0166383638809713
visibility_astar,Visibility A*,1.0299900267748572
visibility_astar,Visibility A*,1.0299185667967137
visibility_astar,Visibility A*,1.0000325797310012
visibility_astar,Visibility A*,1.0453457883112551
visibility_astar,Visibility A*,1.017684839692308
visibility_astar,Visibility A*,1.0039823955890397
visibility_astar,Visibility A*,1.0016067538710933
visibility_astar,Visibility A*,1.0178419006738653
visibility_astar,Visibility A*,1.0025253738257405
visibility_astar,Visibility A*,1.1002997301601871
visibility_astar,Visibility A*,1.0173010623144565
visibility_astar,Visibility A*,1.0031925778574133
visibility_astar,Visibility A*,1.122104555044913
visibility_astar,Visibility A*,1.1301617207684829
visibility_astar,Visibility A*,1.0237091143338317
visibility_astar,Visibility A*,1.0107854745256721
visibility_astar,Visibility A*,1.14677501858431
visibility_astar,Visibility A*,1.427551817726745
visibility_astar,Visibility A*,1.0010323605696727
visibility_astar,Visibility A*,1.0004041996899518
visibility_astar,Visibility A*,1.0138623939600324
visibility_astar,Visibility A*,1.0005456037047806
visibility_astar,Visibility A*,1.020713125222751
visibility_astar,Visibility A*,1.0045696936007331
visibility_astar,Visibility A*,1.000802600685056
visibility_astar,Visibility A*,1.186375907974807
visibility_astar,Visibility A*,1.0176723854729697
visibility_astar,Visibility A*,1.0213067582621291
visibility_astar,Visibility A*,1.0
visibility_astar,Visibility A*,1.004204317107202
visibility_astar,Visibility A*,1.0211533743089982
visibility_astar,Visibility A*,1.010006012041901
visibility_astar,Visibility A*,1.000285592042011
visibility_astar,Visibility A*,1.001714807898229
visibility_astar,Visibility A*,1.0081783185487925
visibility_astar,Visibility A*,1.394564891039041
visibility_astar,Visibility A*,1.0039980676477707
visibility_astar,Visibility A*,1.0073771053941507
visibility_astar,Visibility A*,1.045453289805217
visibility_astar,Visibility A*,1.0062514246842194
visibility_astar,Visibility A*,1.3408783147192105
visibility_astar,Visibility A*,1.0036752401595166
visibility_astar,Visibility A*,1.0003242042173972
visibility_astar,Visibility A*,1.0103325716455203
visibility_astar,Visibility A*,1.0046334045774423
visibility_astar,Visibility A*,1.0083566510005535
visibility_astar,Visibility A*,1.0175427619807846
visibility_astar,Visibility A*,1.0835354814059508
visibility_astar,Visibility A*,1.0033543951084138
visibility_astar,Visibility A*,1.2787046305588465
visibility_astar,Visibility A*,1.002449922219923
visibility_astar,Visibility A*,1.0068215718664055
visibility_astar,Visibility A*,1.0014727180161922
visibility_astar,Visibility A*,1.2780437848601285
visibility_astar,Visibility A*,1.0335383068484096
visibility_astar,Visibility A*,1.0340198027321532
visibility_astar,Visibility A*,1.0000160772802333
visibility_astar,Visibility A*,1.0102159138691325
visibility_astar,Visibility A*,1.045868058679044
visibility_astar,Visibility A*,1.0020996587820066
visibility_astar,Visibility A*,1.168633105384372
visibility_astar,Visibility A*,1.0347193054602977
visibility_astar,Visibility A*,1.0117580799397454
visibility_astar,Visibility A*,1.005620734818007
visibility_astar,Visibility A*,1.0514656820818764
visibility_astar,Visibility A*,1.0048309679116414
visibility_astar,Visibility A*,1.0001657847919
visibility_astar,Visibility A*,1.001561953401365
visibility_astar,Visibility A*,1.0000838922273103
visibility_astar,Visibility A*,1.0156574307860824
visibility_astar,Visibility A*,1.0023938490908981
visibility_astar,Visibility A*,1.0143531862561914
visibility_astar,Visibility A*,1.0201183142416814
visibility_astar,Visibility A*,1.0013964908296789
visibility_astar,Visibility A*,1.0051563058181312
visibility_astar,Visibility A*,1.0006909267755073
visibility_astar,Visibility A*,1.0025962174316303
visibility_astar,Visibility A*,1.0059381735330495
visibility_astar,Visibility A*,1.010805524506887
visibility_astar,Visibility A*,1.0158908733115968
visibility_astar,Visibility A*,1.0588273349524089
visibility_astar,Visibility A*,1.0016910615917434
visibility_astar,Visibility A*,1.2368413176102209
visibility_astar,Visibility A*,1.1157956586031805
visibility_astar,Visibility A*,1.000066451126274
visibility_astar,Visibility A*,1.0337170939570786
visibility_astar,Visibility A*,1.0035413961429978
visibility_astar,Visibility A*,1.0002962039821945
visibility_astar,Visibility A*,1.0187175215994164
visibility_astar,Visibility A*,1.0087317525256514
visibility_astar,Visibility A*,1.0003630237728167
visibility_astar,Visibility A*,1.000004869151884
visibility_astar,Visibility A*,1.0047051633881128
visibility_astar,Visibility A*,1.0000179185566642
visibility_astar,Visibility A*,1.0000107613458404
visibility_astar,Visibility A*,1.0258486881568232
visibility_astar,Visibility A*,1.0499540355407857
visibility_astar,Visibility A*,1.0012457342342742
visibility_astar,Visibility A*,1.0037120416813081
visibility_astar,Visibility A*,1.0206925753608231
visibility_astar,Visibility A*,1.0004168574522017
visibility_astar,Visibility A*,1.055139480270278
visibility_astar,Visibility A*,1.0101998681577933
visibility_astar,Visibility A*,1.22850525211808
visibility_astar,Visibility A*,1.003533067477515
visibility_astar,Visibility A*,1.0306670052527178
visibility_astar,Visibility A*,1.018587982895179
visibility_astar,Visibility A*,1.0023138468537724
visibility_astar,Visibility A*,1.0296567091605981
visibility_astar,Visibility A*,1.0357830945134048
visibility_astar,Visibility A*,1.006150803598144
visibility_astar,Visibility A*,1.0586159690872334
visibility_astar,Visibility A*,1.0001677718037907
visibility_astar,Visibility A*,1.0202793939451422
visibility_astar,Visibility A*,1.0131905836023487
visibility_astar,Visibility A*,1.0155045651490833
visibility_astar,Visibility A*,1.0001982769108508
visibility_astar,Visibility A*,1.2157049560571007
visibility_astar,Visibility A*,1.0068117734311528
visibility_astar,Visibility A*,1.0221777241134393
visibility_astar,Visibility A*,1.2317098384625718
visibility_astar,Visibility A*,1.0000315610106667
visibility_astar,Visibility A*,1.0089017881119968
visibility_astar,Visibility A*,1.1620828934310352
visibility_astar,Visibility A*,1.0322523903923146
visibility_astar,Visibility A*,1.0110477019259736
visibility_astar,Visibility A*,1.0145384183348336
visibility_astar,Visibility A*,1.0117655953336473
visibility_astar,Visibility A*,1.002331676228918
visibility_astar,Visibility A*,1.0935163124515372
visibility_astar,Visibility A*,1.0
visibility_astar,Visibility A*,1.0053957145775874
visibility_astar,Visibility A*,1.0033631434760286
visibility_astar,Visibility A*,1.023521162360161
visibility_astar,Visibility A*,1.0008367301276326
visibility_astar,Visibility A*,1.0000044261319672
visibility_astar,Visibility A*,1.0053201500505697
visibility_astar,Visibility A*,1.0120375396601113
visibility_astar,Visibility A*,1.003905891048346
visibility_astar,Visibility A*,1.000140949270493
visibility_astar,Visibility A*,1.0122762026839012
visibility_astar,Visibility A*,1.0068148328363482
visibility_astar,Visibility A*,1.0009181078239875
visibility_astar,Visibility A*,1.236272946715165
visibility_astar,Visibility A*,1.004287815111829
visibility_astar,Visibility A*,1.0317121496577724
visibility_astar,Visibility A*,1.158514308790216
visibility_astar,Visibility A*,1.009501558001566
visibility_astar,Visibility A*,1.0154969413823736
visibility_astar,Visibility A*,1.0006932195941967
visibility_astar,Visibility A*,1.027199246200639
visibility_astar,Visibility A*,1.0019222570264927
visibility_astar,Visibility A*,1.0175811211588615
visibility_astar,Visibility A*,1.2272278889320485
visibility_astar,Visibility A*,1.311314228464519
visibility_astar,Visibility A*,1.005323692541617
visibility_astar,Visibility A*,1.0006326942254797
visibility_astar,Visibility A*,1.0
visibility_astar,Visibility A*,1.0012122361574227
visibility_astar,Visibility A*,1.0037918733281317
visibility_astar,Visibility A*,1.005123132300864
visibility_astar,Visibility A*,1.0185906969129557
visibility_astar,Visibility A*,1.004490694026305
visibility_astar,Visibility A*,1.0076293618399104
visibility_astar,Visibility A*,1.1243864060172013
visibility_astar,Visibility A*,1.0000055539509027
visibility_astar,Visibility A*,1.0113085916538227
visibility_astar,Visibility A*,1.0001511125659075
visibility_astar,Visibility A*,1.0
visibility_astar,Visibility A*,1.0027374101956983
visibility_astar,Visibility A*,1.0125603363676452
visibility_astar,Visibility A*,1.168167869829985
visibility_astar,Visibility A*,1.0027969234961
visibility_astar,Visibility A*,1.1774235501993837
visibility_astar,Visibility A*,1.0009339680852463
visibility_astar,Visibility A*,1.0033536387376878
visibility_astar,Visibility A*,1.0073402042850468
visibility_astar,Visibility A*,1.0079667867374604
visibility_astar,Visibility A*,1.0001044984746486
visibility_astar,Visibility A*,1.0064059146939284
visibility_astar,Visibility A*,1.0000298305133795
visibility_astar,Visibility A*,1.0019897898213832
visibility_astar,Visibility A*,1.0011901921294482
visibility_astar,Visibility A*,1.0015509390118442
visibility_astar,Visibility A*,1.1014035898431818
visibility_astar,Visibility A*,1.0483609187108207
visibility_astar,Visibility A*,1.0050210729864175
visibility_astar,Visibility A*,1.0005679135601135
visibility_astar,Visibility A*,1.0010950615723746
visibility_astar,Visibility A*,1.0057782518353675
visibility_astar,Visibility A*,1.0262230108848103
visibility_astar,Visibility A*,1.0085445119176928
visibility_astar,Visibility A*,1.000729781581877
visibility_astar,Visibility A*,1.0141423839497994
visibility_astar,Visibility A*,1.0007487234448544
visibility_astar,Visibility A*,1.0
visibility_astar,Visibility A*,1.204204394607183
visibility_astar,Visibility A*,1.0562392600511967
visibility_astar,Visibility A*,1.0129029225837312
visibility_astar,Visibility A*,1.2024787661105465
visibility_astar,Visibility A*,1.0016833579121294
visibility_astar,Visibility A*,1.0209932466220337
visibility_astar,Visibility A*,1.045751117272162
visibility_astar,Visibility A*,1.0062752392723557
visibility_astar,Visibility A*,1.0647057887985432
visibility_astar,Visibility A*,1.1412195463051307
visibility_astar,Visibility A*,1.2051755747542308
visibility_astar,Visibility A*,1.003863514901906
visibility_astar,Visibility A*,1.0001885131166466
visibility_astar,Visibility A*,1.0160753180633648
visibility_astar,Visibility A*,1.0403538927098472
visibility_astar,Visibility A*,1.0010745052200447
visibility_astar,Visibility A*,1.0478457080036316
visibility_astar,Visibility A*,1.0907686158765892
visibility_astar,Visibility A*,1.0554398736652526
visibility_astar,Visibility A*,1.0451007898029445
visibility_astar,Visibility A*,1.0210354246179532
visibility_astar,Visibility A*,1.0291341156107925
visibility_astar,Visibility A*,1.2410920687400055
visibility_astar,Visibility A*,1.0101642478447634
visibility_astar,Visibility A*,1.1847930300277172
visibility_astar,Visibility A*,1.0030115160166941
visibility_astar,Visibility A*,1.013431477490807
visibility_astar,Visibility A*,1.0074352227000603
visibility_astar,Visibility A*,1.0155584633344101
visibility_astar,Visibility A*,1.0104351085907908
visibility_astar,Visibility A*,1.001225234086935
visibility_astar,Visibility A*,1.0932588094390099
visibility_astar,Visibility A*,1.0025644771152764
visibility_astar,Visibility A*,1.012642665752475
visibility_astar,Visibility A*,1.2035475602647274
visibility_astar,Visibility A*,1.0007516641799283
visibility_astar,Visibility A*,1.3539658795891587
visibility_astar,Visibility A*,1.1377588080351901
visibility_astar,Visibility A*,1.000656626484355
visibility_astar,Visibility A*,1.1098505634894762
visibility_astar,Visibility A*,1.0019569810382623
visibility_astar,Visibility A*,1.0085369675929752
visibility_astar,Visibility A*,1.0000302277775823
visibility_astar,Visibility A*,1.000747371830483
visibility_astar,Visibility A*,1.0013298331004958
visibility_astar,Visibility A*,1.009381094850115
visibility_astar,Visibility A*,1.0016103306919766
visibility_astar,Visibility A*,1.0266396446998611
visibility_astar,Visibility A*,1.0000421513319884
visibility_astar,Visibility A*,1.0038169475474088
visibility_astar,Visibility A*,1.0210492089139123
visibility_astar,Visibility A*,1.000710533635492
visibility_astar,Visibility A*,1.0
visibility_astar,Visibility A*,1.0019100852853189
visibility_astar,Visibility A*,1.0075664109404194
visibility_astar,Visibility A*,1.000532835458895
visibility_astar,Visibility A*,1.0007643542121902
visibility_astar,Visibility A*,1.057947577573174
visibility_astar,Visibility A*,1.0036852243662835
visibility_astar,Visibility A*,1.0152868540628612
visibility_astar,Visibility A*,1.0037373641375011
visibility_astar,Visibility A*,1.0070327729559163
visibility_astar,Visibility A*,1.0019570761242327
visibility_astar,Visibility A*,1.0131991054186822
visibility_astar,Visibility A*,1.024057487934383
visibility_astar,Visibility A*,1.0021727166879255
visibility_astar,Visibility A*,1.0775791234043282
visibility_astar,Visibility A*,1.0001211916594561
visibility_astar,Visibility A*,1.0006886079216861
visibility_astar,Visibility A*,1.006670235824259
visibility_astar,Visibility A*,1.0100507974591648
visibility_astar,Visibility A*,1.0005318070753373
visibility_astar,Visibility A*,1.000216269221681
visibility_astar,Visibility A*,1.000257751077192
visibility_astar,Visibility A*,1.0030841122646186
visibility_astar,Visibility A*,1.000017487686468
visibility_astar,Visibility A*,1.0293393248440832
visibility_astar,Visibility A*,1.0024107654179324
visibility_astar,Visibility A*,1.0979121397863636
visibility_astar,Visibility A*,1.0063881346591868
visibility_astar,Visibility A*,1.0018087287911628
visibility_astar,Visibility A*,1.0388955880382846
visibility_astar,Visibility A*,1.0115687478935922
visibility_astar,Visibility A*,1.0017185166755684
visibility_astar,Visibility A*,1.2234587204959846
visibility_astar,Visibility A*,1.0062394259486716
visibility_astar,Visibility A*,1.012191552528241
visibility_astar,Visibility A*,1.0716716313589956
visibility_astar,Visibility A*,1.0040336496342128
visibility_astar,Visibility A*,1.136432446368022
visibility_astar,Visibility A*,1.0029956254249848
visibility_astar,Visibility A*,1.008891410906793
visibility_astar,Visibility A*,1.0136098214401532
visibility_astar,Visibility A*,1.006423510307031
visibility_astar,Visibility A*,1.0292685637079406
visibility_astar,Visibility A*,1.000584989035078
visibility_astar,Visibility A*,1.0002363030787984
visibility_astar,Visibility A*,1.0585923697982287
visibility_astar,Visibility A*,1.0192765977235891
visibility_astar,Visibility A*,1.025271085725684
visibility_astar,Visibility A*,1.0042574983202084
visibility_astar,Visibility A*,1.0250636070176158
visibility_astar,Visibility A*,1.0007369061370346
visibility_astar,Visibility A*,1.0204658619560059
visibility_astar,Visibility A*,1.0029436213384246
visibility_astar,Visibility A*,1.2633312693992214
visibility_astar,Visibility A*,1.140611586981322
visibility_astar,Visibility A*,1.2264125893567115
visibility_astar,Visibility A*,1.0
visibility_astar,Visibility A*,1.0143251012710752
visibility_astar,Visibility A*,1.006530780407754
visibility_astar,Visibility A*,1.0447783826634822
visibility_astar,Visibility A*,1.044058785905811
visibility_astar,Visibility A*,1.000084235733824
visibility_astar,Visibility A*,1.001130673435072
visibility_astar,Visibility A*,1.0
visibility_astar,Visibility A*,1.001395920952818
visibility_astar,Visibility A*,1.0051646869848472
visibility_astar,Visibility A*,1.012957041754493
visibility_astar,Visibility A*,1.3113800926737504
visibility_astar,Visibility A*,1.0265018446436605
visibility_astar,Visibility A*,1.0101249411124393
visibility_astar,Visibility A*,1.019096721818384
visibility_astar,Visibility A*,1.0089054288577044
visibility_astar,Visibility A*,1.2485796488023606
visibility_astar,Visibility A*,1.0040770299267643
visibility_astar,Visibility A*,1.000413263506641
visibility_astar,Visibility A*,1.0338824186500841
visibility_astar,Visibility A*,1.0113603879964788
visibility_astar,Visibility A*,1.0
visibility_astar,Visibility A*,1.0560032177965817
visibility_astar,Visibility A*,1.0447443708703887
visibility_astar,Visibility A*,1.0045253641580592
visibility_astar,Visibility A*,1.1348981661769064
visibility_astar,Visibility A*,1.0192980023745888
visibility_astar,Visibility A*,1.019875952843866
visibility_astar,Visibility A*,1.014972438450279
visibility_astar,Visibility A*,1.2366006013155864
visibility_astar,Visibility A*,1.0080824381326086
visibility_astar,Visibility A*,1.0028147059681758
visibility_astar,Visibility A*,1.0015668812783283
visibility_astar,Visibility A*,1.2249441661593572
visibility_astar,Visibility A*,1.0036208022566913
visibility_astar,Visibility A*,1.0150729670560938
visibility_astar,Visibility A*,1.0036554339014505
visibility_astar,Visibility A*,1.0025562400690762
visibility_astar,Visibility A*,1.353359456225242
visibility_astar,Visibility A*,1.0345634744120649
visibility_astar,Visibility A*,1.1635687875405636
visibility_astar,Visibility A*,1.0026546069905313
visibility_astar,Visibility A*,1.013891475044805
visibility_astar,Visibility A*,1.0011460086709532
visibility_astar,Visibility A*,1.0281139970679793
visibility_astar,Visibility A*,1.029628969421235
visibility_astar,Visibility A*,1.0012101429126163
visibility_astar,Visibility A*,1.0048393776112179
visibility_astar,Visibility A*,1.1913292827708284
visibility_astar,Visibility A*,1.0021483592087743
visibility_astar,Visibility A*,1.0009569306210553
visibility_astar,Visibility A*,1.0019029645336364
visibility_astar,Visibility A*,1.0038386514940565
visibility_astar,Visibility A*,1.0163850063731807
visibility_astar,Visibility A*,1.0067247629908247
visibility_astar,Visibility A*,1.0
visibility_astar,Visibility A*,1.0028703391222873
visibility_astar,Visibility A*,1.037684149968507
visibility_astar,Visibility A*,1.0
visibility_astar,Visibility A*,1.0017239332420511
visibility_astar,Visibility A*,1.0001089951250364
visibility_astar,Visibility A*,1.0010356762916122
visibility_astar,Visibility A*,1.0025436125138738
visibility_astar,Visibility A*,1.0014032112715878
visibility_astar,Visibility A*,1.0097168841968573
visibility_astar,Visibility A*,1.0110111186073505
visibility_astar,Visibility A*,1.002738941810366
visibility_astar,Visibility A*,1.0191508200582708
visibility_astar,Visibility A*,1.011185828177404
visibility_astar,Visibility A*,1.0008387003448953
visibility_astar,Visibility A*,1.0018455657024685
visibility_astar,Visibility A*,1.003683231544107
visibility_astar,Visibility A*,1.27245645715366
visibility_astar,Visibility A*,1.2980645031908051
visibility_astar,Visibility A*,1.0106252080000062
visibility_astar,Visibility A*,1.013437401278503
visibility_astar,Visibility A*,1.1456337601814803
visibility_astar,Visibility A*,1.0285324440106929
visibility_astar,Visibility A*,1.0006991069863922
visibility_astar,Visibility A*,1.0289762250420857
visibility_astar,Visibility A*,1.0111507541537712
visibility_astar,Visibility A*,1.0003805121570009
visibility_astar,Visibility A*,1.0086607796799643
visibility_astar,Visibility A*,1.0055008069328684
visibility_astar,Visibility A*,1.2385084322725313
visibility_astar,Visibility A*,1.2019694403190635
visibility_astar,Visibility A*,1.0153850718747093
visibility_astar,Visibility A*,1.0
visibility_astar,Visibility A*,1.0093019405860046
visibility_astar,Visibility A*,1.0379024215037902
visibility_astar,Visibility A*,1.0025858808502424
visibility_astar,Visibility A*,1.0002619120965215
visibility_astar,Visibility A*,1.1195481514785515
visibility_astar,Visibility A*,1.0
visibility_astar,Visibility A*,1.0002250412190012
visibility_astar,Visibility A*,1.0012875880760104
visibility_astar,Visibility A*,1.001071958654857
visibility_astar,Visibility A*,1.133429960464629
visibility_astar,Visibility A*,1.025937782667262
visibility_astar,Visibility A*,1.0011614242030027
visibility_astar,Visibility A*,1.001980977763605
visibility_astar,Visibility A*,1.0128840474861058
visibility_astar,Visibility A*,1.220354510353368
visibility_astar,Visibility A*,1.008042704152156
visibility_astar,Visibility A*,1.0002177290812388
visibility_astar,Visibility A*,1.0024757912062996
visibility_astar,Visibility A*,1.0154887994119963
visibility_astar,Visibility A*,1.0142153848875837
visibility_astar,Visibility A*,1.0003080780074791
visibility_astar,Visibility A*,1.0000558274827722
visibility_astar,Visibility A*,1.0161587073048253
visibility_astar,Visibility A*,1.0217277202714072
visibility_astar,Visibility A*,1.0003398014125817
visibility_astar,Visibility A*,1.0
visibility_astar,Visibility A*,1.0037298037452012
visibility_astar,Visibility A*,1.0308083391914324
visibility_astar,Visibility A*,1.0004798282333989
visibility_astar,Visibility A*,1.0005065343018287
visibility_astar,Visibility A*,1.0026801592394277
visibility_astar,Visibility A*,1.0006827261275548
visibility_astar,Visibility A*,1.000085062262419
visibility_astar,Visibility A*,1.0038662175476194
visibility_astar,Visibility A*,1.0466032970279497
visibility_astar,Visibility A*,1.0119691759979912
visibility_astar,Visibility A*,1.0063508348217391
visibility_astar,Visibility A*,1.0670800439325185
visibility_astar,Visibility A*,1.042212033684077
visibility_astar,Visibility A*,1.000604356303307
visibility_astar,Visibility A*,1.0041344087493271
visibility_astar,Visibility A*,1.0334723667616061
visibility_astar,Visibility A*,1.0456288571074928
visibility_astar,Visibility A*,1.0002161952302675
visibility_astar,Visibility A*,1.1307537457541394
visibility_astar,Visibility A*,1.0052779981490616
visibility_astar,Visibility A*,1.001173158393301
visibility_astar,Visibility A*,1.0090176714225003
visibility_astar,Visibility A*,1.123895745369681
visibility_astar,Visibility A*,1.0031568280402374
visibility_astar,Visibility A*,1.0
visibility_astar,Visibility A*,1.0240093194923001
visibility_astar,Visibility A*,1.0582382655325957
visibility_astar,Visibility A*,1.0083509959780503
visibility_astar,Visibility A*,1.0116748384266998
visibility_astar,Visibility A*,1.0251648209580153
visibility_astar,Visibility A*,1.0144918634807387
visibility_astar,Visibility A*,1.0027573457382246
visibility_astar,Visibility A*,1.1192486893502853
visibility_astar,Visibility A*,1.009740911761087
visibility_astar,Visibility A*,1.3042694028436659
visibility_astar,Visibility A*,1.0111243797660134
visibility_astar,Visibility A*,1.0389826149759387
visibility_astar,Visibility A*,1.0207898310934338
visibility_astar,Visibility A*,1.1989882648752193
visibility_astar,Visibility A*,1.0008666980573109
visibility_astar,Visibility A*,1.0
visibility_astar,Visibility A*,1.0181299109929656
visibility_astar,Visibility A*,1.0022833821697303
visibility_astar,Visibility A*,1.0195149134140207
visibility_astar,Visibility A*,1.1408676835279972
visibility_astar,Visibility A*,1.0075785570822073
visibility_astar,Visibility A*,1.000795317280085
visibility_astar,Visibility A*,1.026828446361201
visibility_astar,Visibility A*,1.0136653259277009
visibility_astar,Visibility A*,1.0026032749200249
visibility_astar,Visibility A*,1.0
visibility_astar,Visibility A*,1.0004733991791115
visibility_astar,Visibility A*,1.0003995370404168
visibility_astar,Visibility A*,1.0025991340752498
visibility_astar,Visibility A*,1.1909357289181168
visibility_astar,Visibility A*,1.0248555389449265
visibility_astar,Visibility A*,1.2329615504065567
visibility_astar,Visibility A*,1.0034103479677414
visibility_astar,Visibility A*,1.0007356471897149
visibility_astar,Visibility A*,1.0642862540176834
visibility_astar,Visibility A*,1.0064604791060816
visibility_astar,Visibility A*,1.000200341224723
visibility_astar,Visibility A*,1.031694803858359
visibility_astar,Visibility A*,1.0694981500076517
visibility_astar,Visibility A*,1.0078691628157563
visibility_astar,Visibility A*,1.1187080751504976
visibility_astar,Visibility A*,1.0162078506899896
visibility_astar,Visibility A*,1.0002100268426286
visibility_astar,Visibility A*,1.0081978486163137
visibility_astar,Visibility A*,1.008766790438089
visibility_astar,Visibility A*,1.0241701889888244
visibility_astar,Visibility A*,1.0008198168480062
visibility_astar,Visibility A*,1.0064923243761594
visibility_astar,Visibility A*,1.0075568224051725
visibility_astar,Visibility A*,1.014298318388613
visibility_astar,Visibility A*,1.182242367344931
visibility_astar,Visibility A*,1.0
visibility_astar,Visibility A*,1.0373618522918537
visibility_astar,Visibility A*,1.3147690377403132
visibility_astar,Visibility A*,1.9819746447281128
visibility_astar,Visibility A*,1.024899433264423
visibility_astar,Visibility A*,1.0035978466542759
visibility_astar,Visibility A*,1.0017791874153585
visibility_astar,Visibility A*,1.0015821176032185
visibility_astar,Visibility A*,1.285505237568536
visibility_astar,Visibility A*,1.2223670543945033
visibility_astar,Visibility A*,1.000932261653551
visibility_astar,Visibility A*,1.064955064626357
visibility_astar,Visibility A*,1.0142963210105336
visibility_astar,Visibility A*,1.0128165832132088
visibility_astar,Visibility A*,1.2445302337959863
visibility_astar,Visibility A*,1.0006234444496838
visibility_astar,Visibility A*,1.009661891168687
visibility_astar,Visibility A*,1.0001743169181763
visibility_astar,Visibility A*,1.0021855324048008
visibility_astar,Visibility A*,1.023038166101565
visibility_astar,Visibility A*,1.0009049759852542
visibility_astar,Visibility A*,1.0028852495483525
visibility_astar,Visibility A*,1.001103836679407
visibility_astar,Visibility A*,1.2905366012199466
visibility_astar,Visibility A*,1.0989903136936539
visibility_astar,Visibility A*,1.0008078422237023
visibility_astar,Visibility A*,1.001608518012507
visibility_astar,Visibility A*,1.002079173131234
visibility_astar,Visibility A*,1.0493872374216582
visibility_astar,Visibility A*,1.000818642539822
visibility_astar,Visibility A*,1.0013638863364736
visibility_astar,Visibility A*,1.0025479404345714
visibility_astar,Visibility A*,1.098344612512034
visibility_astar,Visibility A*,1.0848149270493963
visibility_astar,Visibility A*,1.0021099324498481
visibility_astar,Visibility A*,1.1261072016416103
visibility_astar,Visibility A*,1.0003051706150297
visibility_astar,Visibility A*,1.0027919486841985
visibility_astar,Visibility A*,1.003955861694989
visibility_astar,Visibility A*,1.0533765605688623
visibility_astar,Visibility A*,1.0782351971038378
visibility_astar,Visibility A*,1.0005171797928025
visibility_astar,Visibility A*,1.0217664742076775
visibility_astar,Visibility A*,1.00968390400629
visibility_astar,Visibility A*,1.0160573425089885
visibility_astar,Visibility A*,1.013503523805754
visibility_astar,Visibility A*,1.018072643601462
visibility_astar,Visibility A*,1.0016497674217364
visibility_astar,Visibility A*,1.0019417830635953
visibility_astar,Visibility A*,1.0025874079455646
visibility_astar,Visibility A*,1.0075240167109172
visibility_astar,Visibility A*,1.0006880613102251
visibility_astar,Visibility A*,1.0200951252983306
visibility_astar,Visibility A*,1.0141733104336457
visibility_astar,Visibility A*,1.0000868598694719
visibility_astar,Visibility A*,1.0022425187876485
visibility_astar,Visibility A*,1.0228135059949237
visibility_astar,Visibility A*,1.000156307246579
visibility_astar,Visibility A*,1.0009302759457988
visibility_astar,Visibility A*,1.011569422998682
visibility_astar,Visibility A*,1.0010329798711834
visibility_astar,Visibility A*,1.0
visibility_astar,Visibility A*,1.018380623766641
visibility_astar,Visibility A*,1.0340138928677856
visibility_astar,Visibility A*,1.0
visibility_astar,Visibility A*,1.1403790150382418
visibility_astar,Visibility A*,1.0011368769656912
visibility_astar,Visibility A*,1.0027314620915253
visibility_astar,Visibility A*,1.0015755355443001
visibility_astar,Visibility A*,1.013931553434623
visibility_astar,Visibility A*,1.005947283648726
visibility_astar,Visibility A*,1.1774960449376184
visibility_astar,Visibility A*,1.0207204018479095
visibility_astar,Visibility A*,1.0154073512947346
visibility_astar,Visibility A*,1.0047860668975603
visibility_astar,Visibility A*,1.0815227623670844
visibility_astar,Visibility A*,1.1109205229751429
visibility_astar,Visibility A*,1.0045838664889633
visibility_astar,Visibility A*,1.0000326430262179
visibility_astar,Visibility A*,1.0006118860921025
visibility_astar,Visibility A*,1.0055973066516914
visibility_astar,Visibility A*,1.0005614825086169
visibility_astar,Visibility A*,1.0019452267810367
visibility_astar,Visibility A*,1.025046867913221
visibility_astar,Visibility A*,1.0361421520832816
visibility_astar,Visibility A*,1.0152760817753494
visibility_astar,Visibility A*,1.0
visibility_astar,Visibility A*,1.0009306425359488
visibility_astar,Visibility A*,1.000003689787792
visibility_astar,Visibility A*,1.0446946052610795
visibility_astar,Visibility A*,1.0179406922817265
visibility_astar,Visibility A*,1.0028046593934772
visibility_astar,Visibility A*,1.0101817887660178
visibility_astar,Visibility A*,1.0039306686036582
visibility_astar,Visibility A*,1.1767617378454607
visibility_astar,Visibility A*,1.0047502018093841
visibility_astar,Visibility A*,1.0475248117367837
visibility_astar,Visibility A*,1.0026601478780346
visibility_astar,Visibility A*,1.2515102210251488
visibility_astar,Visibility A*,1.0032740714337993
visibility_astar,Visibility A*,1.0518843128611686
visibility_astar,Visibility A*,1.0029158265567257
visibility_astar,Visibility A*,1.0252564164114863
visibility_astar,Visibility A*,1.0072103861429995
visibility_astar,Visibility A*,1.0030758997579277
visibility_astar,Visibility A*,1.0020084886710028
visibility_astar,Visibility A*,1.014945225029064
visibility_astar,Visibility A*,1.0043893814465354
visibility_astar,Visibility A*,1.0127278276054277
visibility_astar,Visibility A*,1.0115949445328092
visibility_astar,Visibility A*,1.020432952237114
visibility_astar,Visibility A*,1.0008046072979069
visibility_astar,Visibility A*,1.0083077308680106
visibility_astar,Visibility A*,1.0129916677159587
visibility_astar,Visibility A*,1.4970585512861707
visibility_astar,Visibility A*,1.000170410066274
visibility_astar,Visibility A*,1.0134089283984917
visibility_astar,Visibility A*,1.0152876037434793
visibility_astar,Visibility A*,1.0044516576135627
visibility_astar,Visibility A*,1.022841674429144
visibility_astar,Visibility A*,1.0001473874606222
visibility_astar,Visibility A*,1.0054972318443403
visibility_astar,Visibility A*,1.0054886311598776
visibility_astar,Visibility A*,1.071755977179844
visibility_astar,Visibility A*,1.0009449744467478
visibility_astar,Visibility A*,1.0001616811364704
visibility_astar,Visibility A*,1.0033954987405849
visibility_astar,Visibility A*,1.032614757274641
visibility_astar,Visibility A*,1.014021314531475
visibility_astar,Visibility A*,1.0016223586090582
visibility_astar,Visibility A*,1.0
visibility_astar,Visibility A*,1.0156078888443527
visibility_astar,Visibility A*,1.001608709214842
visibility_astar,Visibility A*,1.0026279815497996
visibility_astar,Visibility A*,1.0108174998459007
visibility_astar,Visibility A*,1.0007858119121544
visibility_astar,Visibility A*,1.0386149742105395
visibility_astar,Visibility A*,1.0743421141904725
visibility_astar,Visibility A*,1.0022417828512704
visibility_astar,Visibility A*,1.009576126693078
visibility_astar,Visibility A*,1.0246483960519408
visibility_astar,Visibility A*,1.1334533314488335
visibility_astar,Visibility A*,1.0021198275782959
visibility_astar,Visibility A*,1.0048890746015289
visibility_astar,Visibility A*,1.2568964655030617
visibility_astar,Visibility A*,1.0117441577109612
visibility_astar,Visibility A*,1.0001964348402033
visibility_astar,Visibility A*,1.0
visibility_astar,Visibility A*,1.0013736411285947
visibility_astar,Visibility A*,1.2630275617298845
visibility_astar,Visibility A*,1.0166747340782782
visibility_astar,Visibility A*,1.0001490474448491
visibility_astar,Visibility A*,1.0012415367907774
visibility_astar,Visibility A*,1.0369791264966575
visibility_astar,Visibility A*,1.0075675710108518
visibility_astar,Visibility A*,1.0052560354638016
visibility_astar,Visibility A*,1.0157737292676108
visibility_astar,Visibility A*,1.006484604731867
visibility_astar,Visibility A*,1.0829541577333517
visibility_astar,Visibility A*,1.0279603883336519
visibility_astar,Visibility A*,1.0344202656632304
visibility_astar,Visibility A*,1.0034263152574983
visibility_astar,Visibility A*,1.0004747490642791
visibility_astar,Visibility A*,1.2425246851437899
visibility_astar,Visibility A*,1.141361973140607
visibility_astar,Visibility A*,1.0000084311023463
visibility_astar,Visibility A*,1.0042807581094153
visibility_astar,Visibility A*,1.0809345637174972
visibility_astar,Visibility A*,1.008556210158926
visibility_astar,Visibility A*,1.0018770609641687
visibility_astar,Visibility A*,1.0002154998073323
visibility_astar,Visibility A*,1.0016914659638332
visibility_astar,Visibility A*,1.051179066229899
visibility_astar,Visibility A*,1.0026779031272028
visibility_astar,Visibility A*,1.1015763919570905
visibility_astar,Visibility A*,1.1008695792474847
visibility_astar,Visibility A*,1.0010996839505106
visibility_astar,Visibility A*,1.059433475445523
visibility_astar,Visibility A*,1.007544740987459
visibility_astar,Visibility A*,1.000773494511954
visibility_astar,Visibility A*,1.0005793089153983
visibility_astar,Visibility A*,1.000224055773221
visibility_astar,Visibility A*,1.0005522220073213
visibility_astar,Visibility A*,1.0014256338359278
visibility_astar,Visibility A*,1.033581209625201
visibility_astar,Visibility A*,1.025993548185934
visibility_astar,Visibility A*,1.0154333339462693
visibility_astar,Visibility A*,1.000432200864022
visibility_astar,Visibility A*,1.00000002452385
visibility_astar,Visibility A*,1.0019518561092566
visibility_astar,Visibility A*,1.0103304416970273
visibility_astar,Visibility A*,1.0351289004073763
visibility_astar,Visibility A*,1.0027431569234708
visibility_astar,Visibility A*,1.1241856417322076
visibility_astar,Visibility A*,1.005188955744368
visibility_astar,Visibility A*,1.0003476304377923
visibility_astar,Visibility A*,1.0019762884269818
visibility_astar,Visibility A*,1.003621413058856
visibility_astar,Visibility A*,1.0025155641525005
visibility_astar,Visibility A*,1.0012576026188804
visibility_astar,Visibility A*,1.0189774005099974
visibility_astar,Visibility A*,1.0024233635111541
visibility_astar,Visibility A*,1.015587497595539
visibility_astar,Visibility A*,1.0005874090336133
visibility_astar,Visibility A*,1.1295122122389198
visibility_astar,Visibility A*,1.0084936173559451
visibility_astar,Visibility A*,1.001541648767648
visibility_astar,Visibility A*,1.0011204823731856
visibility_astar,Visibility A*,1.0000711976830212
visibility_astar,Visibility A*,1.0000313379340808
visibility_astar,Visibility A*,1.0150429785333164
visibility_astar,Visibility A*,1.01167992200198
visibility_astar,Visibility A*,1.0099201482066882
visibility_astar,Visibility A*,1.0049730514856319
visibility_astar,Visibility A*,1.007753726378131
visibility_astar,Visibility A*,1.0313190033794215
visibility_astar,Visibility A*,1.0015194436932413
visibility_astar,Visibility A*,1.2331533026013553
visibility_astar,Visibility A*,1.010952310019442
visibility_astar,Visibility A*,1.0183927566184525
visibility_astar,Visibility A*,1.000459753055805
visibility_astar,Visibility A*,1.0190662281475855
visibility_astar,Visibility A*,1.0348749788608211
visibility_astar,Visibility A*,1.0861469781726016
visibility_astar,Visibility A*,1.1031342670871969
visibility_astar,Visibility A*,1.0000132564899078
visibility_astar,Visibility A*,1.0110879983479417
visibility_astar,Visibility A*,1.077682255454609
visibility_astar,Visibility A*,1.2326900008808734
visibility_astar,Visibility A*,1.0036873320406703
visibility_astar,Visibility A*,1.000221107721207
visibility_astar,Visibility A*,1.0084331387985361
visibility_astar,Visibility A*,1.0000107091018393
visibility_astar,Visibility A*,1.1772891088272468
visibility_astar,Visibility A*,1.0008660771067837
visibility_astar,Visibility A*,1.0039937982597367
visibility_astar,Visibility A*,1.2825451604197546
visibility_astar,Visibility A*,1.2078119913788434
visibility_astar,Visibility A*,1.0047060576778932
visibility_astar,Visibility A*,1.0303002028342771
visibility_astar,Visibility A*,1.0359806659008985
visibility_astar,Visibility A*,1.0170478846635151
visibility_astar,Visibility A*,1.0060751594186064
visibility_astar,Visibility A*,1.0014391696883882
visibility_astar,Visibility A*,1.0010368794508628
visibility_astar,Visibility A*,1.0215930804578301
visibility_astar,Visibility A*,1.008852493123582
visibility_astar,Visibility A*,1.0083998908638494
visibility_astar,Visibility A*,1.0015985876887443
visibility_astar,Visibility A*,1.2056407044603277
visibility_astar,Visibility A*,1.0006213571532179
visibility_astar,Visibility A*,1.0072596113801824
visibility_astar,Visibility A*,1.0
visibility_astar,Visibility A*,1.0070121246968715
visibility_astar,Visibility A*,1.0039066746860186
visibility_astar,Visibility A*,1.020614444589439
visibility_astar,Visibility A*,1.000057850983748
visibility_astar,Visibility A*,1.001310850800974
visibility_astar,Visibility A*,1.0144383675647575
visibility_astar,Visibility A*,1.0002012360175923
visibility_astar,Visibility A*,1.021487268675239
visibility_astar,Visibility A*,1.0133780573491578
visibility_astar,Visibility A*,1.0950685802224673
visibility_astar,Visibility A*,1.009736589696342
visibility_astar,Visibility A*,1.0145420030996166
visibility_astar,Visibility A*,1.0025487618386748
visibility_astar,Visibility A*,1.1143136521129124
visibility_astar,Visibility A*,1.0031867779862198
visibility_astar,Visibility A*,1.0381958747627933
visibility_astar,Visibility A*,1.023744504287974
visibility_astar,Visibility A*,1.022890985768068
visibility_astar,Visibility A*,1.0017844895739043
visibility_astar,Visibility A*,1.0018244929777522
visibility_astar,Visibility A*,1.0896150716347515
visibility_astar,Visibility A*,1.0458551617007503
visibility_astar,Visibility A*,1.0059489610073318
visibility_astar,Visibility A*,1.0002760309889265
visibility_astar,Visibility A*,1.126668524011523
visibility_astar,Visibility A*,1.0367129361059093
visibility_astar,Visibility A*,1.0
visibility_astar,Visibility A*,1.0322313954937472
visibility_astar,Visibility A*,1.1036666640510315
visibility_astar,Visibility A*,1.0005673273584401
visibility_astar,Visibility A*,1.0006535685462234
visibility_astar,Visibility A*,1.1022381934778946
visibility_astar,Visibility A*,1.0000082167102928
visibility_astar,Visibility A*,1.0272800767588728
visibility_astar,Visibility A*,1.0011741386463402
visibility_astar,Visibility A*,1.000684472922448
visibility_astar,Visibility A*,1.0258634520848775
visibility_astar,Visibility A*,1.0453336369911659
visibility_astar,Visibility A*,1.130583828110844
visibility_astar,Visibility A*,1.0269919539483006
visibility_astar,Visibility A*,1.0096649441306644
visibility_astar,Visibility A*,1.0570227893042106
visibility_astar,Visibility A*,1.0097274842845725
visibility_astar,Visibility A*,1.2846225274320864
visibility_astar,Visibility A*,1.0024782173531464
visibility_astar,Visibility A*,1.0007134394258912
visibility_astar,Visibility A*,1.003684968811133
visibility_astar,Visibility A*,1.018191917894265
visibility_astar,Visibility A*,1.0020782836847713
visibility_astar,Visibility A*,1.0000965741756789
visibility_astar,Visibility A*,1.0417303196730217
visibility_astar,Visibility A*,1.158365568238904
visibility_astar,Visibility A*,1.0024123974069963
visibility_astar,Visibility A*,1.0036804866456812
visibility_astar,Visibility A*,1.0
visibility_astar,Visibility A*,1.0290130889900224
visibility_astar,Visibility A*,1.0006696901935377
visibility_astar,Visibility A*,1.0007461588299056
visibility_astar,Visibility A*,1.0028362704850637
visibility_astar,Visibility A*,1.006494289326396
visibility_astar,Visibility A*,1.0142131075058243
visibility_astar,Visibility A*,1.0046484986621347
visibility_astar,Visibility A*,1.0010827565328129
visibility_astar,Visibility A*,1.001588701280456
visibility_astar,Visibility A*,1.0005590965737574
visibility_astar,Visibility A*,1.0292301540017557
visibility_astar,Visibility A*,1.0022069241934266
visibility_astar,Visibility A*,1.0004641929608367
visibility_astar,Visibility A*,1.0508796304789032
visibility_astar,Visibility A*,1.0314762006277822
visibility_astar,Visibility A*,1.2844333070805176
visibility_astar,Visibility A*,1.018009883344037
visibility_astar,Visibility A*,1.0060355832809225
visibility_astar,Visibility A*,1.000001693327066
visibility_astar,Visibility A*,1.0425729632694816
visibility_astar,Visibility A*,1.0038614591119943
visibility_astar,Visibility A*,1.000463904677207
visibility_astar,Visibility A*,1.0033465671005268
visibility_astar,Visibility A*,1.0011271327838467
visibility_astar,Visibility A*,1.0024003364827145
visibility_astar,Visibility A*,1.0168231877647897
visibility_astar,Visibility A*,1.1339571281486267
visibility_astar,Visibility A*,1.000709186770674
visibility_astar,Visibility A*,1.007895035801753
visibility_astar,Visibility A*,1.027757849281266
visibility_astar,Visibility A*,1.0439318558588393
visibility_astar,Visibility A*,1.000388383701936
visibility_astar,Visibility A*,1.0190713541022245
visibility_astar,Visibility A*,1.007227801449057
visibility_astar,Visibility A*,1.187322776563143
visibility_astar,Visibility A*,1.2028408070682102
visibility_astar,Visibility A*,1.0225929580252238
visibility_astar,Visibility A*,1.0021148117907455
visibility_astar,Visibility A*,1.0562905344565523
visibility_astar,Visibility A*,1.0006001789081793
visibility_astar,Visibility A*,1.0224172020280118
visibility_astar,Visibility A*,1.0129112246124248
visibility_astar,Visibility A*,1.0197662621783374
visibility_astar,Visibility A*,1.0102794711058674
visibility_astar,Visibility A*,1.0044997781433678
visibility_astar,Visibility A*,1.0013024370045471
visibility_astar,Visibility A*,1.0011967462711093
visibility_astar,Visibility A*,1.0530171044194099
visibility_astar,Visibility A*,1.0007013117630659
visibility_astar,Visibility A*,1.0011539315908502
visibility_astar,Visibility A*,1.1023206886905326
visibility_astar,Visibility A*,1.0057870911712181
visibility_astar,Visibility A*,1.1161215676358924
visibility_astar,Visibility A*,1.0025385782697276
visibility_astar,Visibility A*,1.0323611193713333
visibility_astar,Visibility A*,1.0013180286934804
visibility_astar,Visibility A*,1.0016240602476028
visibility_astar,Visibility A*,1.0046765681227465
visibility_astar,Visibility A*,1.0
visibility_astar,Visibility A*,1.0131049443656714
visibility_astar,Visibility A*,1.0370222991490383
visibility_astar,Visibility A*,1.0193743250482905
visibility_astar,Visibility A*,1.0006506767849153
visibility_astar,Visibility A*,1.037186934641007
visibility_astar,Visibility A*,1.2332497044743913
visibility_astar,Visibility A*,1.0056770365307695
visibility_astar,Visibility A*,1.0038516724855637
visibility_astar,Visibility A*,1.012582798643116
visibility_astar,Visibility A*,1.0028106247765805
visibility_astar,Visibility A*,1.0481205648179066
visibility_astar,Visibility A*,1.0035944830734627
visibility_astar,Visibility A*,1.0009500913656726
visibility_astar,Visibility A*,1.0034499324046569
visibility_astar,Visibility A*,1.2821869655526927
visibility_astar,Visibility A*,1.0030560503183763
visibility_astar,Visibility A*,1.000332511657121
visibility_astar,Visibility A*,1.0004567507796898
visibility_astar,Visibility A*,1.0013691587612765
visibility_astar,Visibility A*,1.0
visibility_astar,Visibility A*,1.0936689476023511
visibility_astar,Visibility A*,1.0015471706930141
visibility_astar,Visibility A*,1.02903083370136
visibility_astar,Visibility A*,1.0632104362488841
visibility_astar,Visibility A*,1.0000331056180325
visibility_astar,Visibility A*,1.0378696349985488
visibility_astar,Visibility A*,1.0436812371935476
visibility_astar,Visibility A*,1.1375089756381849
visibility_astar,Visibility A*,1.04037264328712
visibility_astar,Visibility A*,1.030119986851917
visibility_astar,Visibility A*,1.0023025817812536
visibility_astar,Visibility A*,1.0000002797305452
visibility_astar,Visibility A*,1.0015024584823167
visibility_astar,Visibility A*,1.003250975068046
visibility_astar,Visibility A*,1.1997534985438139
visibility_astar,Visibility A*,1.0802350523396698
visibility_astar,Visibility A*,1.1607139236883963
visibility_astar,Visibility A*,1.0050788869779534
visibility_astar,Visibility A*,1.0168592123297946
visibility_astar,Visibility A*,1.0122530455205743
visibility_astar,Visibility A*,1.0031117385310468
visibility_astar,Visibility A*,1.0267705199114359
visibility_astar,Visibility A*,1.0036821127348559
visibility_astar,Visibility A*,1.0153538496793961
visibility_astar,Visibility A*,1.001566387413105
visibility_astar,Visibility A*,1.004508984536789
visibility_astar,Visibility A*,1.0795033767527327
visibility_astar,Visibility A*,1.0007144766083234
visibility_astar,Visibility A*,1.0066383422625573
visibility_astar,Visibility A*,1.0037897100129058
visibility_astar,Visibility A*,1.0013552563220058
visibility_astar,Visibility A*,1.0039638493766798
visibility_astar,Visibility A*,1.0006372687596152
visibility_astar,Visibility A*,1.0015775410878456
visibility_astar,Visibility A*,1.066031991215874
visibility_astar,Visibility A*,1.0004502460685722
visibility_astar,Visibility A*,1.0058666830155834
visibility_astar,Visibility A*,1.0023216285102134
visibility_astar,Visibility A*,1.2037169380517128
visibility_astar,Visibility A*,1.0000299331539144
visibility_astar,Visibility A*,1.0007690503185291
visibility_astar,Visibility A*,1.012328616082631
visibility_astar,Visibility A*,1.002585642037765
visibility_astar,Visibility A*,1.2935378785871054
visibility_astar,Visibility A*,1.1557908864462254
visibility_astar,Visibility A*,1.000637526022711
visibility_astar,Visibility A*,1.0164298562734633
visibility_astar,Visibility A*,1.052476934507853
visibility_astar,Visibility A*,1.0133187967101767
visibility_astar,Visibility A*,1.0007531208701888
visibility_astar,Visibility A*,1.010418211963583
visibility_astar,Visibility A*,1.001268483228806
visibility_astar,Visibility A*,1.0011091717406588
visibility_astar,Visibility A*,1.0000022042104642
visibility_astar,Visibility A*,1.0003334929642378
visibility_astar,Visibility A*,1.0014294067864293
visibility_astar,Visibility A*,1.0408599652201362
visibility_astar,Visibility A*,1.1594662224600676
visibility_astar,Visibility A*,1.0006858095591413
visibility_astar,Visibility A*,1.0034440710796506
visibility_astar,Visibility A*,1.014132081068753
visibility_astar,Visibility A*,1.0206948496573505
visibility_astar,Visibility A*,1.0023058288583682
visibility_astar,Visibility A*,1.0111782218425496
visibility_astar,Visibility A*,1.0022703152660435
visibility_astar,Visibility A*,1.0002538951929103
visibility_astar,Visibility A*,1.0052629307953396
visibility_astar,Visibility A*,1.0013443942129974
visibility_astar,Visibility A*,1.3673407442209613
visibility_astar,Visibility A*,1.0016770974224292
visibility_astar,Visibility A*,1.0020463572257978
visibility_astar,Visibility A*,1.046240582853039
visibility_astar,Visibility A*,1.0146101686975235
visibility_astar,Visibility A*,1.0002395594027105
visibility_astar,Visibility A*,1.1476165606360043
visibility_astar,Visibility A*,1.0113085702381657
visibility_astar,Visibility A*,1.1817155130379717
visibility_astar,Visibility A*,1.074127794035561
visibility_astar,Visibility A*,1.000281999992654
visibility_astar,Visibility A*,1.186339731838269
visibility_astar,Visibility A*,1.0012481866155227
visibility_astar,Visibility A*,1.0042770619064574
visibility_astar,Visibility A*,1.0016133305123132
visibility_astar,Visibility A*,1.000268879643244
visibility_astar,Visibility A*,1.0252999790835338
visibility_astar,Visibility A*,1.0032230049464146
visibility_astar,Visibility A*,1.008089687263337
visibility_astar,Visibility A*,1.13331926699883
visibility_astar,Visibility A*,1.0086633580389306
visibility_astar,Visibility A*,1.010277669695218
visibility_astar,Visibility A*,1.0059448210416657
visibility_astar,Visibility A*,1.0086264102962756
visibility_astar,Visibility A*,1.0183237887436587
visibility_astar,Visibility A*,1.028377882701249
visibility_astar,Visibility A*,1.04543959349302
visibility_astar,Visibility A*,1.253444138098876
visibility_astar,Visibility A*,1.0001751067162132
visibility_astar,Visibility A*,1.018166782497843
visibility_astar,Visibility A*,1.0015381209233365
visibility_astar,Visibility A*,1.0000093174644054
visibility_astar,Visibility A*,1.011641726407853
visibility_astar,Visibility A*,1.0959866096499427
visibility_astar,Visibility A*,1.220275155151813
visibility_astar,Visibility A*,1.0125805112100155
visibility_astar,Visibility A*,1.005102299183336
visibility_astar,Visibility A*,1.003154411422892
visibility_astar,Visibility A*,1.0740017438728735
visibility_astar,Visibility A*,1.0159730275744492
visibility_astar,Visibility A*,1.0000716444793065
visibility_astar,Visibility A*,1.0
visibility_astar,Visibility A*,1.00234123638824
visibility_astar,Visibility A*,1.010833320320718
visibility_astar,Visibility A*,1.0
visibility_astar,Visibility A*,1.0037092966492793
visibility_astar,Visibility A*,1.0021168344011926
visibility_astar,Visibility A*,1.004351180508408
visibility_astar,Visibility A*,1.0304119712586173
visibility_astar,Visibility A*,1.0016196867521643
visibility_astar,Visibility A*,1.000890407165129
visibility_astar,Visibility A*,1.011289160375076
visibility_astar,Visibility A*,1.0005340943139793
visibility_astar,Visibility A*,1.0619918964496518
visibility_astar,Visibility A*,1.2373240571924011
visibility_astar,Visibility A*,1.0070141181618353
visibility_astar,Visibility A*,1.110307566177348
visibility_astar,Visibility A*,1.0420459221171845
visibility_astar,Visibility A*,1.0178621012106053
visibility_astar,Visibility A*,1.0026706646397905
visibility_astar,Visibility A*,1.2047840934560083
visibility_astar,Visibility A*,1.0080004596853442
visibility_astar,Visibility A*,1.0014664805451674
visibility_astar,Visibility A*,1.0012223749667486
visibility_astar,Visibility A*,1.0000085884439114
visibility_astar,Visibility A*,1.0071040816011883
visibility_astar,Visibility A*,1.0072001686397887
visibility_astar,Visibility A*,1.0002205064244143
visibility_astar,Visibility A*,1.218975905971088
visibility_astar,Visibility A*,1.005140309447284
visibility_astar,Visibility A*,1.0852686291097227
visibility_astar,Visibility A*,1.002534790650075
visibility_astar,Visibility A*,1.0000063446492529
visibility_astar,Visibility A*,1.0248193987730132
visibility_astar,Visibility A*,1.0
visibility_astar,Visibility A*,1.0007701928811181
visibility_astar,Visibility A*,1.0077217451920635
visibility_astar,Visibility A*,1.003932695589146
visibility_astar,Visibility A*,1.0260865788298321
visibility_astar,Visibility A*,1.028655283303636
visibility_astar,Visibility A*,1.0531945645980083
visibility_astar,Visibility A*,1.000433539626228
visibility_astar,Visibility A*,1.0034731381557902
visibility_astar,Visibility A*,1.002251169420278
visibility_astar,Visibility A*,1.0
visibility_astar,Visibility A*,1.006558160018585
visibility_astar,Visibility A*,1.0547001615105622
visibility_astar,Visibility A*,1.000066689574296
visibility_astar,Visibility A*,1.0149897601147118
visibility_astar,Visibility A*,1.0043645080445744
visibility_astar,Visibility A*,1.0651018451683132
visibility_astar,Visibility A*,1.019820625694721
visibility_astar,Visibility A*,1.0
visibility_astar,Visibility A*,1.0058413299375333
visibility_astar,Visibility A*,1.0010664108806235
visibility_astar,Visibility A*,1.0021773363059148
visibility_astar,Visibility A*,1.0306239539146147
visibility_astar,Visibility A*,1.0099111297970016
visibility_astar,Visibility A*,1.0670994573242776
visibility_astar,Visibility A*,1.007607463663893
visibility_astar,Visibility A*,1.0004229454611917
visibility_astar,Visibility A*,1.0132645306104566
visibility_astar,Visibility A*,1.0181686688360283
visibility_astar,Visibility A*,1.0230629133346203
visibility_astar,Visibility A*,1.0029672808758405
visibility_astar,Visibility A*,1.5396623833592207
visibility_astar,Visibility A*,1.0006030545299351
visibility_astar,Visibility A*,1.0058447737236682
visibility_astar,Visibility A*,1.0000000331531946
visibility_astar,Visibility A*,1.0004486811249518
visibility_astar,Visibility A*,1.1870415269992343
visibility_astar,Visibility A*,1.0473872717955226
visibility_astar,Visibility A*,1.0381773941232797
visibility_astar,Visibility A*,1.0580105151173926
visibility_astar,Visibility A*,1.0
visibility_astar,Visibility A*,1.0015551582335294
visibility_astar,Visibility A*,1.0019471652647125
visibility_astar,Visibility A*,1.0069505623266837
visibility_astar,Visibility A*,1.14432011300722
visibility_astar,Visibility A*,1.0052217260880814
visibility_astar,Visibility A*,1.0163847857645847
visibility_astar,Visibility A*,1.3250816045643417
visibility_astar,Visibility A*,1.006668519345581
visibility_astar,Visibility A*,1.0006524529874992
visibility_astar,Visibility A*,1.02499134960356
visibility_astar,Visibility A*,1.0187412150504394
visibility_astar,Visibility A*,1.0877350130567225
visibility_astar,Visibility A*,1.0043892656222562
visibility_astar,Visibility A*,1.0141569920945257
visibility_astar,Visibility A*,1.1427564430484158
visibility_astar,Visibility A*,1.1342023574814704
visibility_astar,Visibility A*,1.008425401610938
visibility_astar,Visibility A*,1.0
visibility_astar,Visibility A*,1.188590386538
visibility_astar,Visibility A*,1.0235507346161137
visibility_astar,Visibility A*,1.0043425344726158
visibility_astar,Visibility A*,1.0001075656598222
visibility_astar,Visibility A*,1.0077032264248598
visibility_astar,Visibility A*,1.0012492403941025
visibility_astar,Visibility A*,1.0014935312443092
visibility_astar,Visibility A*,1.0014052362957
visibility_astar,Visibility A*,1.002385017124882
visibility_astar,Visibility A*,1.0224006950852962
visibility_astar,Visibility A*,1.006487916502854
visibility_astar,Visibility A*,1.0029862108121488
visibility_astar,Visibility A*,1.0430120235846594
visibility_astar,Visibility A*,1.03241284748781
visibility_astar,Visibility A*,1.0032267773531003
visibility_astar,Visibility A*,1.0175653147592358
visibility_astar,Visibility A*,1.186266470901151
visibility_astar,Visibility A*,1.0034453735093511
visibility_astar,Visibility A*,1.0006255206159824
visibility_astar,Visibility A*,1.0261253812201006
visibility_astar,Visibility A*,1.177841579549776
visibility_astar,Visibility A*,1.0131928261155507
visibility_astar,Visibility A*,1.101639178638265
visibility_astar,Visibility A*,1.0004149058644887
visibility_astar,Visibility A*,1.0237540213489487
visibility_astar,Visibility A*,1.0055053249995884
visibility_astar,Visibility A*,1.0054429474924096
visibility_astar,Visibility A*,1.0002474765841156
visibility_astar,Visibility A*,1.0130454942246787
visibility_astar,Visibility A*,1.0014956647638442
visibility_astar,Visibility A*,1.1860616028496385
visibility_astar,Visibility A*,1.2027694662432067
visibility_astar,Visibility A*,1.0008546703959458
visibility_astar,Visibility A*,1.000213556237803
visibility_astar,Visibility A*,1.01183551839053
visibility_astar,Visibility A*,1.0451939604666887
visibility_astar,Visibility A*,1.0019125164769613
visibility_astar,Visibility A*,1.0026444666496765
visibility_astar,Visibility A*,1.0970127683304032
visibility_astar,Visibility A*,1.0186017923453565
visibility_astar,Visibility A*,1.0070059896990229
visibility_astar,Visibility A*,1.0054541000560677
visibility_astar,Visibility A*,1.00815650294403
visibility_dijkstra,Visibility Dijkstra,1.0058759717425096
visibility_dijkstra,Visibility Dijkstra,1.1418576009181565
visibility_dijkstra,Visibility Dijkstra,1.0906208476557515
visibility_dijkstra,Visibility Dijkstra,1.0008276279291326
visibility_dijkstra,Visibility Dijkstra,1.0279380350726564
visibility_dijkstra,Visibility Dijkstra,1.0082127772919744
visibility_dijkstra,Visibility Dijkstra,1.0300139780102129
visibility_dijkstra,Visibility Dijkstra,1.0004640781913738
visibility_dijkstra,Visibility Dijkstra,1.0075604411764807
visibility_dijkstra,Visibility Dijkstra,1.003543138208365
visibility_dijkstra,Visibility Dijkstra,1.0013524993801757
visibility_dijkstra,Visibility Dijkstra,1.0033846365211598
visibility_dijkstra,Visibility Dijkstra,1.0034421914054896
visibility_dijkstra,Visibility Dijkstra,1.0010841453962627
visibility_dijkstra,Visibility Dijkstra,1.0256643062000155
visibility_dijkstra,Visibility Dijkstra,1.0
visibility_dijkstra,Visibility Dijkstra,1.004462399587561
visibility_dijkstra,Visibility Dijkstra,1.0235873473591057
visibility_dijkstra,Visibility Dijkstra,1.0015075399524573
visibility_dijkstra,Visibility Dijkstra,1.2264782428169523
visibility_dijkstra,Visibility Dijkstra,1.0085645174067976
visibility_dijkstra,Visibility Dijkstra,1.0294700952162381
visibility_dijkstra,Visibility Dijkstra,1.0227047515213077
visibility_dijkstra,Visibility Dijkstra,1.0110833038278844
visibility_dijkstra,Visibility Dijkstra,1.0083688280914014
visibility_dijkstra,Visibility Dijkstra,1.0317701875874048
visibility_dijkstra,Visibility Dijkstra,1.0155835981079986
visibility_dijkstra,Visibility Dijkstra,1.1982385596269223
visibility_dijkstra,Visibility Dijkstra,1.0068700557535168
visibility_dijkstra,Visibility Dijkstra,1.000186632946323
visibility_dijkstra,Visibility Dijkstra,1.0169834243102258
visibility_dijkstra,Visibility Dijkstra,1.0501232371029796
visibility_dijkstra,Visibility Dijkstra,1.0016580203080279
visibility_dijkstra,Visibility Dijkstra,1.0012183284278255
visibility_dijkstra,Visibility Dijkstra,1.0
visibility_dijkstra,Visibility Dijkstra,1.0007366921477066
visibility_dijkstra,Visibility Dijkstra,1.8112584576367714
visibility_dijkstra,Visibility Dijkstra,1.001279789834047
visibility_dijkstra,Visibility Dijkstra,1.0064008663170656
visibility_dijkstra,Visibility Dijkstra,1.3060897898762764
visibility_dijkstra,Visibility Dijkstra,1.2308389128895956
visibility_dijkstra,Visibility Dijkstra,1.0514553770208397
visibility_dijkstra,Visibility Dijkstra,1.043447350836437
visibility_dijkstra,Visibility Dijkstra,1.0011201765954862
visibility_dijkstra,Visibility Dijkstra,1.0002614117505555
visibility_dijkstra,Visibility Dijkstra,1.018725092552511
visibility_dijkstra,Visibility Dijkstra,1.0018531751558506
visibility_dijkstra,Visibility Dijkstra,1.0052193276238763
visibility_dijkstra,Visibility Dijkstra,1.0031281850959302
visibility_dijkstra,Visibility Dijkstra,1.2907459673492123
visibility_dijkstra,Visibility Dijkstra,1.1662737678519524
visibility_dijkstra,Visibility Dijkstra,1.0260887285290277
visibility_dijkstra,Visibility Dijkstra,1.0001931602327896
visibility_dijkstra,Visibility Dijkstra,1.0019440982442507
visibility_dijkstra,Visibility Dijkstra,1.0323749318145297
visibility_dijkstra,Visibility Dijkstra,1.1348132689974273
visibility_dijkstra,Visibility Dijkstra,1.007379357232821
visibility_dijkstra,Visibility Dijkstra,1.0000121854324011
visibility_dijkstra,Visibility Dijkstra,1.001776465888224
visibility_dijkstra,Visibility Dijkstra,1.0
visibility_dijkstra,Visibility Dijkstra,1.0054178905429625
visibility_dijkstra,Visibility Dijkstra,1.4745455879041311
visibility_dijkstra,Visibility Dijkstra,1.0110699784294537
visibility_dijkstra,Visibility Dijkstra,1.0356993373759116
visibility_dijkstra,Visibility Dijkstra,1.0047323968425808
visibility_dijkstra,Visibility Dijkstra,1.0208872983810655
visibility_dijkstra,Visibility Dijkstra,1.0011602658364624
visibility_dijkstra,Visibility Dijkstra,1.0031420587331141
visibility_dijkstra,Visibility Dijkstra,1.008580435636872
visibility_dijkstra,Visibility Dijkstra,1.1277859387341895
visibility_dijkstra,Visibility Dijkstra,1.0
visibility_dijkstra,Visibility Dijkstra,1.0011215264663769
visibility_dijkstra,Visibility Dijkstra,1.0000001118268174
visibility_dijkstra,Visibility Dijkstra,1.023991634152637
visibility_dijkstra,Visibility Dijkstra,1.0166383638809713
visibility_dijkstra,Visibility Dijkstra,1.0299900267748572
visibility_dijkstra,Visibility Dijkstra,1.0299185667967137
visibility_dijkstra,Visibility Dijkstra,1.0000325797310012
visibility_dijkstra,Visibility Dijkstra,1.0453457883112551
visibility_dijkstra,Visibility Dijkstra,1.017684839692308
visibility_dijkstra,Visibility Dijkstra,1.0039823955890397
visibility_dijkstra,Visibility Dijkstra,1.0016067538710933
visibility_dijkstra,Visibility Dijkstra,1.0178419006738653
visibility_dijkstra,Visibility Dijkstra,1.0025253738257405
visibility_dijkstra,Visibility Dijkstra,1.1002997301601871
visibility_dijkstra,Visibility Dijkstra,1.0173010623144565
visibility_dijkstra,Visibility Dijkstra,1.0031925778574133
visibility_dijkstra,Visibility Dijkstra,1.122104555044913
visibility_dijkstra,Visibility Dijkstra,1.1301617207684829
visibility_dijkstra,Visibility Dijkstra,1.0237091143338317
visibility_dijkstra,Visibility Dijkstra,1.0107854745256721
visibility_dijkstra,Visibility Dijkstra,1.14677501858431
visibility_dijkstra,Visibility Dijkstra,1.427551817726745
visibility_dijkstra,Visibility Dijkstra,1.0010323605696727
visibility_dijkstra,Visibility Dijkstra,1.0004041996899518
visibility_dijkstra,Visibility Dijkstra,1.0138623939600324
visibility_dijkstra,Visibility Dijkstra,1.0005456037047806
visibility_dijkstra,Visibility Dijkstra,1.020713125222751
visibility_dijkstra,Visibility Dijkstra,1.0045696936007331
visibility_dijkstra,Visibility Dijkstra,1.000802600685056
visibility_dijkstra,Visibility Dijkstra,1.186375907974807
visibility_dijkstra,Visibility Dijkstra,1.0176723854729697
visibility_dijkstra,Visibility Dijkstra,1.0213067582621291
visibility_dijkstra,Visibility Dijkstra,1.0
visibility_dijkstra,Visibility Dijkstra,1.004204317107202
visibility_dijkstra,Visibility Dijkstra,1.0211533743089982
visibility_dijkstra,Visibility Dijkstra,1.010006012041901
visibility_dijkstra,Visibility Dijkstra,1.000285592042011
visibility_dijkstra,Visibility Dijkstra,1.001714807898229
visibility_dijkstra,Visibility Dijkstra,1.0081783185487925
visibility_dijkstra,Visibility Dijkstra,1.394564891039041
visibility_dijkstra,Visibility Dijkstra,1.0039980676477707
visibility_dijkstra,Visibility Dijkstra,1.0073771053941507
visibility_dijkstra,Visibility Dijkstra,1.045453289805217
visibility_dijkstra,Visibility Dijkstra,1.0062514246842194
visibility_dijkstra,Visibility Dijkstra,1.3408783147192105
visibility_dijkstra,Visibility Dijkstra,1.0036752401595166
visibility_dijkstra,Visibility Dijkstra,1.0003242042173972
visibility_dijkstra,Visibility Dijkstra,1.0103325716455203
visibility_dijkstra,Visibility Dijkstra,1.0046334045774423
visibility_dijkstra,Visibility Dijkstra,1.0083566510005535
visibility_dijkstra,Visibility Dijkstra,1.0175427619807846
visibility_dijkstra,Visibility Dijkstra,1.0835354814059508
visibility_dijkstra,Visibility Dijkstra,1.0033543951084138
visibility_dijkstra,Visibility Dijkstra,1.2787046305588465
visibility_dijkstra,Visibility Dijkstra,1.002449922219923
visibility_dijkstra,Visibility Dijkstra,1.0068215718664055
visibility_dijkstra,Visibility Dijkstra,1.0014727180161922
visibility_dijkstra,Visibility Dijkstra,1.2780437848601285
visibility_dijkstra,Visibility Dijkstra,1.0335383068484096
visibility_dijkstra,Visibility Dijkstra,1.0340198027321532
visibility_dijkstra,Visibility Dijkstra,1.0000160772802333
visibility_dijkstra,Visibility Dijkstra,1.0102159138691325
visibility_dijkstra,Visibility Dijkstra,1.045868058679044
visibility_dijkstra,Visibility Dijkstra,1.0020996587820066
visibility_dijkstra,Visibility Dijkstra,1.168633105384372
visibility_dijkstra,Visibility Dijkstra,1.0347193054602977
visibility_dijkstra,Visibility Dijkstra,1.0117580799397454
visibility_dijkstra,Visibility Dijkstra,1.005620734818007
visibility_dijkstra,Visibility Dijkstra,1.0514656820818764
visibility_dijkstra,Visibility Dijkstra,1.0048309679116414
visibility_dijkstra,Visibility Dijkstra,1.0001657847919
visibility_dijkstra,Visibility Dijkstra,1.001561953401365
visibility_dijkstra,Visibility Dijkstra,1.0000838922273103
visibility_dijkstra,Visibility Dijkstra,1.0156574307860824
visibility_dijkstra,Visibility Dijkstra,1.0023938490908981
visibility_dijkstra,Visibility Dijkstra,1.0143531862561914
visibility_dijkstra,Visibility Dijkstra,1.0201183142416814
visibility_dijkstra,Visibility Dijkstra,1.0013964908296789
visibility_dijkstra,Visibility Dijkstra,1.0051563058181312
visibility_dijkstra,Visibility Dijkstra,1.0006909267755073
visibility_dijkstra,Visibility Dijkstra,1.0025962174316303
visibility_dijkstra,Visibility Dijkstra,1.0059381735330495
visibility_dijkstra,Visibility Dijkstra,1.010805524506887
visibility_dijkstra,Visibility Dijkstra,1.0158908733115968
visibility_dijkstra,Visibility Dijkstra,1.0588273349524089
visibility_dijkstra,Visibility Dijkstra,1.0016910615917434
visibility_dijkstra,Visibility Dijkstra,1.2368413176102209
visibility_dijkstra,Visibility Dijkstra,1.1157956586031805
visibility_dijkstra,Visibility Dijkstra,1.000066451126274
visibility_dijkstra,Visibility Dijkstra,1.0337170939570786
visibility_dijkstra,Visibility Dijkstra,1.0035413961429978
visibility_dijkstra,Visibility Dijkstra,1.0002962039821945
visibility_dijkstra,Visibility Dijkstra,1.0187175215994164
visibility_dijkstra,Visibility Dijkstra,1.0087317525256514
visibility_dijkstra,Visibility Dijkstra,1.0003630237728167
visibility_dijkstra,Visibility Dijkstra,1.000004869151884
visibility_dijkstra,Visibility Dijkstra,1.0047051633881128
visibility_dijkstra,Visibility Dijkstra,1.0000179185566642
visibility_dijkstra,Visibility Dijkstra,1.0000107613458404
visibility_dijkstra,Visibility Dijkstra,1.0258486881568232
visibility_dijkstra,Visibility Dijkstra,1.0499540355407857
visibility_dijkstra,Visibility Dijkstra,1.0012457342342742
visibility_dijkstra,Visibility Dijkstra,1.0037120416813081
visibility_dijkstra,Visibility Dijkstra,1.0206925753608231
visibility_dijkstra,Visibility Dijkstra,1.0004168574522017
visibility_dijkstra,Visibility Dijkstra,1.055139480270278
visibility_dijkstra,Visibility Dijkstra,1.0101998681577933
visibility_dijkstra,Visibility Dijkstra,1.22850525211808
visibility_dijkstra,Visibility Dijkstra,1.003533067477515
visibility_dijkstra,Visibility Dijkstra,1.0306670052527178
visibility_dijkstra,Visibility Dijkstra,1.018587982895179
visibility_dijkstra,Visibility Dijkstra,1.0023138468537724
visibility_dijkstra,Visibility Dijkstra,1.0296567091605981
visibility_dijkstra,Visibility Dijkstra,1.0357830945134048
visibility_dijkstra,Visibility Dijkstra,1.006150803598144
visibility_dijkstra,Visibility Dijkstra,1.0586159690872334
visibility_dijkstra,Visibility Dijkstra,1.0001677718037907
visibility_dijkstra,Visibility Dijkstra,1.0202793939451422
visibility_dijkstra,Visibility Dijkstra,1.0131905836023487
visibility_dijkstra,Visibility Dijkstra,1.0155045651490833
visibility_dijkstra,Visibility Dijkstra,1.0001982769108508
visibility_dijkstra,Visibility Dijkstra,1.2157049560571007
visibility_dijkstra,Visibility Dijkstra,1.0068117734311528
visibility_dijkstra,Visibility Dijkstra,1.0221777241134393
visibility_dijkstra,Visibility Dijkstra,1.2317098384625718
visibility_dijkstra,Visibility Dijkstra,1.0000315610106667
visibility_dijkstra,Visibility Dijkstra,1.0089017881119968
visibility_dijkstra,Visibility Dijkstra,1.1620828934310352
visibility_dijkstra,Visibility Dijkstra,1.0322523903923146
visibility_dijkstra,Visibility Dijkstra,1.0110477019259736
visibility_dijkstra,Visibility Dijkstra,1.0145384183348336
visibility_dijkstra,Visibility Dijkstra,1.0117655953336473
visibility_dijkstra,Visibility Dijkstra,1.002331676228918
visibility_dijkstra,Visibility Dijkstra,1.0935163124515372
visibility_dijkstra,Visibility Dijkstra,1.0
visibility_dijkstra,Visibility Dijkstra,1.0053957145775874
visibility_dijkstra,Visibility Dijkstra,1.0033631434760286
visibility_dijkstra,Visibility Dijkstra,1.023521162360161
visibility_dijkstra,Visibility Dijkstra,1.0008367301276326
visibility_dijkstra,Visibility Dijkstra,1.0000044261319672
visibility_dijkstra,Visibility Dijkstra,1.0053201500505697
visibility_dijkstra,Visibility Dijkstra,1.0120375396601113
visibility_dijkstra,Visibility Dijkstra,1.003905891048346
visibility_dijkstra,Visibility Dijkstra,1.000140949270493
visibility_dijkstra,Visibility Dijkstra,1.0122762026839012
visibility_dijkstra,Visibility Dijkstra,1.0068148328363482
visibility_dijkstra,Visibility Dijkstra,1.0009181078239875
visibility_dijkstra,Visibility Dijkstra,1.236272946715165
visibility_dijkstra,Visibility Dijkstra,1.004287815111829
visibility_dijkstra,Visibility Dijkstra,1.0317121496577724
visibility_dijkstra,Visibility Dijkstra,1.158514308790216
visibility_dijkstra,Visibility Dijkstra,1.009501558001566
visibility_dijkstra,Visibility Dijkstra,1.0154969413823736
visibility_dijkstra,Visibility Dijkstra,1.0006932195941967
visibility_dijkstra,Visibility Dijkstra,1.027199246200639
visibility_dijkstra,Visibility Dijkstra,1.0019222570264927
visibility_dijkstra,Visibility Dijkstra,1.0175811211588615
visibility_dijkstra,Visibility Dijkstra,1.2272278889320485
visibility_dijkstra,Visibility Dijkstra,1.311314228464519
visibility_dijkstra,Visibility Dijkstra,1.005323692541617
visibility_dijkstra,Visibility Dijkstra,1.0006326942254797
visibility_dijkstra,Visibility Dijkstra,1.0
visibility_dijkstra,Visibility Dijkstra,1.0012122361574227
visibility_dijkstra,Visibility Dijkstra,1.0037918733281317
visibility_dijkstra,Visibility Dijkstra,1.005123132300864
visibility_dijkstra,Visibility Dijkstra,1.0185906969129557
visibility_dijkstra,Visibility Dijkstra,1.004490694026305
visibility_dijkstra,Visibility Dijkstra,1.0076293618399104
visibility_dijkstra,Visibility Dijkstra,1.1243864060172013
visibility_dijkstra,Visibility Dijkstra,1.0000055539509027
visibility_dijkstra,Visibility Dijkstra,1.0113085916538227
visibility_dijkstra,Visibility Dijkstra,1.0001511125659075
visibility_dijkstra,Visibility Dijkstra,1.0
visibility_dijkstra,Visibility Dijkstra,1.0027374101956983
visibility_dijkstra,Visibility Dijkstra,1.0125603363676452
visibility_dijkstra,Visibility Dijkstra,1.168167869829985
visibility_dijkstra,Visibility Dijkstra,1.0027969234961
visibility_dijkstra,Visibility Dijkstra,1.1774235501993837
visibility_dijkstra,Visibility Dijkstra,1.0009339680852463
visibility_dijkstra,Visibility Dijkstra,1.0033536387376878
visibility_dijkstra,Visibility Dijkstra,1.0073402042850468
visibility_dijkstra,Visibility Dijkstra,1.0079667867374604
visibility_dijkstra,Visibility Dijkstra,1.0001044984746486
visibility_dijkstra,Visibility Dijkstra,1.0064059146939284
visibility_dijkstra,Visibility Dijkstra,1.0000298305133795
visibility_dijkstra,Visibility Dijkstra,1.0019897898213832
visibility_dijkstra,Visibility Dijkstra,1.0011901921294482
visibility_dijkstra,Visibility Dijkstra,1.0015509390118442
visibility_dijkstra,Visibility Dijkstra,1.1014035898431818
visibility_dijkstra,Visibility Dijkstra,1.0483609187108207
visibility_dijkstra,Visibility Dijkstra,1.0050210729864175
visibility_dijkstra,Visibility Dijkstra,1.0005679135601135
visibility_dijkstra,Visibility Dijkstra,1.0010950615723746
visibility_dijkstra,Visibility Dijkstra,1.0057782518353675
visibility_dijkstra,Visibility Dijkstra,1.0262230108848103
visibility_dijkstra,Visibility Dijkstra,1.0085445119176928
visibility_dijkstra,Visibility Dijkstra,1.000729781581877
visibility_dijkstra,Visibility Dijkstra,1.0141423839497994
visibility_dijkstra,Visibility Dijkstra,1.0007487234448544
visibility_dijkstra,Visibility Dijkstra,1.0
visibility_dijkstra,Visibility Dijkstra,1.204204394607183
visibility_dijkstra,Visibility Dijkstra,1.0562392600511967
visibility_dijkstra,Visibility Dijkstra,1.0129029225837312
visibility_dijkstra,Visibility Dijkstra,1.2024787661105465
visibility_dijkstra,Visibility Dijkstra,1.0016833579121294
visibility_dijkstra,Visibility Dijkstra,1.0209932466220337
visibility_dijkstra,Visibility Dijkstra,1.045751117272162
visibility_dijkstra,Visibility Dijkstra,1.0062752392723557
visibility_dijkstra,Visibility Dijkstra,1.0647057887985432
visibility_dijkstra,Visibility Dijkstra,1.1412195463051307
visibility_dijkstra,Visibility Dijkstra,1.2051755747542308
visibility_dijkstra,Visibility Dijkstra,1.003863514901906
visibility_dijkstra,Visibility Dijkstra,1.0001885131166466
visibility_dijkstra,Visibility Dijkstra,1.0160753180633648
visibility_dijkstra,Visibility Dijkstra,1.0403538927098472
visibility_dijkstra,Visibility Dijkstra,1.0010745052200447
visibility_dijkstra,Visibility Dijkstra,1.0478457080036316
visibility_dijkstra,Visibility Dijkstra,1.0907686158765892
visibility_dijkstra,Visibility Dijkstra,1.0554398736652526
visibility_dijkstra,Visibility Dijkstra,1.0451007898029445
visibility_dijkstra,Visibility Dijkstra,1.0210354246179532
visibility_dijkstra,Visibility Dijkstra,1.0291341156107925
visibility_dijkstra,Visibility Dijkstra,1.2410920687400055
visibility_dijkstra,Visibility Dijkstra,1.0101642478447634
visibility_dijkstra,Visibility Dijkstra,1.1847930300277172
visibility_dijkstra,Visibility Dijkstra,1.0030115160166941
visibility_dijkstra,Visibility Dijkstra,1.013431477490807
visibility_dijkstra,Visibility Dijkstra,1.0074352227000603
visibility_dijkstra,Visibility Dijkstra,1.0155584633344101
visibility_dijkstra,Visibility Dijkstra,1.0104351085907908
visibility_dijkstra,Visibility Dijkstra,1.001225234086935
visibility_dijkstra,Visibility Dijkstra,1.0932588094390099
visibility_dijkstra,Visibility Dijkstra,1.0025644771152764
visibility_dijkstra,Visibility Dijkstra,1.012642665752475
visibility_dijkstra,Visibility Dijkstra,1.2035475602647274
visibility_dijkstra,Visibility Dijkstra,1.0007516641799283
visibility_dijkstra,Visibility Dijkstra,1.3539658795891587
visibility_dijkstra,Visibility Dijkstra,1.1377588080351901
visibility_dijkstra,Visibility Dijkstra,1.000656626484355
visibility_dijkstra,Visibility Dijkstra,1.1098505634894762
visibility_dijkstra,Visibility Dijkstra,1.0019569810382623
visibility_dijkstra,Visibility Dijkstra,1.0085369675929752
visibility_dijkstra,Visibility Dijkstra,1.0000302277775823
visibility_dijkstra,Visibility Dijkstra,1.000747371830483
visibility_dijkstra,Visibility Dijkstra,1.0013298331004958
visibility_dijkstra,Visibility Dijkstra,1.009381094850115
visibility_dijkstra,Visibility Dijkstra,1.0016103306919766
visibility_dijkstra,Visibility Dijkstra,1.0266396446998611
visibility_dijkstra,Visibility Dijkstra,1.0000421513319884
visibility_dijkstra,Visibility Dijkstra,1.0038169475474088
visibility_dijkstra,Visibility Dijkstra,1.0210492089139123
visibility_dijkstra,Visibility Dijkstra,1.000710533635492
visibility_dijkstra,Visibility Dijkstra,1.0
visibility_dijkstra,Visibility Dijkstra,1.0019100852853189
visibility_dijkstra,Visibility Dijkstra,1.0075664109404194
visibility_dijkstra,Visibility Dijkstra,1.000532835458895
visibility_dijkstra,Visibility Dijkstra,1.0007643542121902
visibility_dijkstra,Visibility Dijkstra,1.057947577573174
visibility_dijkstra,Visibility Dijkstra,1.0036852243662835
visibility_dijkstra,Visibility Dijkstra,1.0152868540628612
visibility_dijkstra,Visibility Dijkstra,1.0037373641375011
visibility_dijkstra,Visibility Dijkstra,1.0070327729559163
visibility_dijkstra,Visibility Dijkstra,1.0019570761242327
visibility_dijkstra,Visibility Dijkstra,1.0131991054186822
visibility_dijkstra,Visibility Dijkstra,1.024057487934383
visibility_dijkstra,Visibility Dijkstra,1.0021727166879255
visibility_dijkstra,Visibility Dijkstra,1.0775791234043282
visibility_dijkstra,Visibility Dijkstra,1.0001211916594561
visibility_dijkstra,Visibility Dijkstra,1.0006886079216861
visibility_dijkstra,Visibility Dijkstra,1.006670235824259
visibility_dijkstra,Visibility Dijkstra,1.0100507974591648
visibility_dijkstra,Visibility Dijkstra,1.0005318070753373
visibility_dijkstra,Visibility Dijkstra,1.000216269221681
visibility_dijkstra,Visibility Dijkstra,1.000257751077192
visibility_dijkstra,Visibility Dijkstra,1.0030841122646186
visibility_dijkstra,Visibility Dijkstra,1.000017487686468
visibility_dijkstra,Visibility Dijkstra,1.0293393248440832
visibility_dijkstra,Visibility Dijkstra,1.0024107654179324
visibility_dijkstra,Visibility Dijkstra,1.0979121397863636
visibility_dijkstra,Visibility Dijkstra,1.0063881346591868
visibility_dijkstra,Visibility Dijkstra,1.0018087287911628
visibility_dijkstra,Visibility Dijkstra,1.0388955880382846
visibility_dijkstra,Visibility Dijkstra,1.0115687478935922
visibility_dijkstra,Visibility Dijkstra,1.0017185166755684
visibility_dijkstra,Visibility Dijkstra,1.2234587204959846
visibility_dijkstra,Visibility Dijkstra,1.0062394259486716
visibility_dijkstra,Visibility Dijkstra,1.012191552528241
visibility_dijkstra,Visibility Dijkstra,1.0716716313589956
visibility_dijkstra,Visibility Dijkstra,1.0040336496342128
visibility_dijkstra,Visibility Dijkstra,1.136432446368022
visibility_dijkstra,Visibility Dijkstra,1.0029956254249848
visibility_dijkstra,Visibility Dijkstra,1.008891410906793
visibility_dijkstra,Visibility Dijkstra,1.0136098214401532
visibility_dijkstra,Visibility Dijkstra,1.006423510307031
visibility_dijkstra,Visibility Dijkstra,1.0292685637079406
visibility_dijkstra,Visibility Dijkstra,1.000584989035078
visibility_dijkstra,Visibility Dijkstra,1.0002363030787984
visibility_dijkstra,Visibility Dijkstra,1.0585923697982287
visibility_dijkstra,Visibility Dijkstra,1.0192765977235891
visibility_dijkstra,Visibility Dijkstra,1.025271085725684
visibility_dijkstra,Visibility Dijkstra,1.0042574983202084
visibility_dijkstra,Visibility Dijkstra,1.0250636070176158
visibility_dijkstra,Visibility Dijkstra,1.0007369061370346
visibility_dijkstra,Visibility Dijkstra,1.0204658619560059
visibility_dijkstra,Visibility Dijkstra,1.0029436213384246
visibility_dijkstra,Visibility Dijkstra,1.2633312693992214
visibility_dijkstra,Visibility Dijkstra,1.140611586981322
visibility_dijkstra,Visibility Dijkstra,1.2264125893567115
visibility_dijkstra,Visibility Dijkstra,1.0
visibility_dijkstra,Visibility Dijkstra,1.0143251012710752
visibility_dijkstra,Visibility Dijkstra,1.006530780407754
visibility_dijkstra,Visibility Dijkstra,1.0447783826634822
visibility_dijkstra,Visibility Dijkstra,1.044058785905811
visibility_dijkstra,Visibility Dijkstra,1.000084235733824
visibility_dijkstra,Visibility Dijkstra,1.001130673435072
visibility_dijkstra,Visibility Dijkstra,1.0
visibility_dijkstra,Visibility Dijkstra,1.001395920952818
visibility_dijkstra,Visibility Dijkstra,1.0051646869848472
visibility_dijkstra,Visibility Dijkstra,1.012957041754493
visibility_dijkstra,Visibility Dijkstra,1.3113800926737504
visibility_dijkstra,Visibility Dijkstra,1.0265018446436605
visibility_dijkstra,Visibility Dijkstra,1.0101249411124393
visibility_dijkstra,Visibility Dijkstra,1.019096721818384
visibility_dijkstra,Visibility Dijkstra,1.0089054288577044
visibility_dijkstra,Visibility Dijkstra,1.2485796488023606
visibility_dijkstra,Visibility Dijkstra,1.0040770299267643
visibility_dijkstra,Visibility Dijkstra,1.000413263506641
visibility_dijkstra,Visibility Dijkstra,1.0338824186500841
visibility_dijkstra,Visibility Dijkstra,1.0113603879964788
visibility_dijkstra,Visibility Dijkstra,1.0
visibility_dijkstra,Visibility Dijkstra,1.0560032177965817
visibility_dijkstra,Visibility Dijkstra,1.0447443708703887
visibility_dijkstra,Visibility Dijkstra,1.0045253641580592
visibility_dijkstra,Visibility Dijkstra,1.1348981661769064
visibility_dijkstra,Visibility Dijkstra,1.0192980023745888
visibility_dijkstra,Visibility Dijkstra,1.019875952843866
visibility_dijkstra,Visibility Dijkstra,1.014972438450279
visibility_dijkstra,Visibility Dijkstra,1.2366006013155864
visibility_dijkstra,Visibility Dijkstra,1.0080824381326086
visibility_dijkstra,Visibility Dijkstra,1.0028147059681758
visibility_dijkstra,Visibility Dijkstra,1.0015668812783283
visibility_dijkstra,Visibility Dijkstra,1.2249441661593572
visibility_dijkstra,Visibility Dijkstra,1.0036208022566913
visibility_dijkstra,Visibility Dijkstra,1.0150729670560938
visibility_dijkstra,Visibility Dijkstra,1.0036554339014505
visibility_dijkstra,Visibility Dijkstra,1.0025562400690762
visibility_dijkstra,Visibility Dijkstra,1.353359456225242
visibility_dijkstra,Visibility Dijkstra,1.0345634744120649
visibility_dijkstra,Visibility Dijkstra,1.1635687875405636
visibility_dijkstra,Visibility Dijkstra,1.0026546069905313
visibility_dijkstra,Visibility Dijkstra,1.013891475044805
visibility_dijkstra,Visibility Dijkstra,1.0011460086709532
visibility_dijkstra,Visibility Dijkstra,1.0281139970679793
visibility_dijkstra,Visibility Dijkstra,1.029628969421235
visibility_dijkstra,Visibility Dijkstra,1.0012101429126163
visibility_dijkstra,Visibility Dijkstra,1.0048393776112179
visibility_dijkstra,Visibility Dijkstra,1.1913292827708284
visibility_dijkstra,Visibility Dijkstra,1.0021483592087743
visibility_dijkstra,Visibility Dijkstra,1.0009569306210553
visibility_dijkstra,Visibility Dijkstra,1.0019029645336364
visibility_dijkstra,Visibility Dijkstra,1.0038386514940565
visibility_dijkstra,Visibility Dijkstra,1.0163850063731807
visibility_dijkstra,Visibility Dijkstra,1.0067247629908247
visibility_dijkstra,Visibility Dijkstra,1.0
visibility_dijkstra,Visibility Dijkstra,1.0028703391222873
visibility_dijkstra,Visibility Dijkstra,1.037684149968507
visibility_dijkstra,Visibility Dijkstra,1.0
visibility_dijkstra,Visibility Dijkstra,1.0017239332420511
visibility_dijkstra,Visibility Dijkstra,1.0001089951250364
visibility_dijkstra,Visibility Dijkstra,1.0010356762916122
visibility_dijkstra,Visibility Dijkstra,1.0025436125138738
visibility_dijkstra,Visibility Dijkstra,1.0014032112715878
visibility_dijkstra,Visibility Dijkstra,1.0097168841968573
visibility_dijkstra,Visibility Dijkstra,1.0110111186073505
visibility_dijkstra,Visibility Dijkstra,1.002738941810366
visibility_dijkstra,Visibility Dijkstra,1.0191508200582708
visibility_dijkstra,Visibility Dijkstra,1.011185828177404
visibility_dijkstra,Visibility Dijkstra,1.0008387003448953
visibility_dijkstra,Visibility Dijkstra,1.0018455657024685
visibility_dijkstra,Visibility Dijkstra,1.003683231544107
visibility_dijkstra,Visibility Dijkstra,1.27245645715366
visibility_dijkstra,Visibility Dijkstra,1.2980645031908051
visibility_dijkstra,Visibility Dijkstra,1.0106252080000062
visibility_dijkstra,Visibility Dijkstra,1.013437401278503
visibility_dijkstra,Visibility Dijkstra,1.1456337601814803
visibility_dijkstra,Visibility Dijkstra,1.0285324440106929
visibility_dijkstra,Visibility Dijkstra,1.0006991069863922
visibility_dijkstra,Visibility Dijkstra,1.0289762250420857
visibility_dijkstra,Visibility Dijkstra,1.0111507541537712
visibility_dijkstra,Visibility Dijkstra,1.0003805121570009
visibility_dijkstra,Visibility Dijkstra,1.0086607796799643
visibility_dijkstra,Visibility Dijkstra,1.0055008069328684
visibility_dijkstra,Visibility Dijkstra,1.2385084322725313
visibility_dijkstra,Visibility Dijkstra,1.2019694403190635
visibility_dijkstra,Visibility Dijkstra,1.0153850718747093
visibility_dijkstra,Visibility Dijkstra,1.0
visibility_dijkstra,Visibility Dijkstra,1.0093019405860046
visibility_dijkstra,Visibility Dijkstra,1.0379024215037902
visibility_dijkstra,Visibility Dijkstra,1.0025858808502424
visibility_dijkstra,Visibility Dijkstra,1.0002619120965215
visibility_dijkstra,Visibility Dijkstra,1.1195481514785515
visibility_dijkstra,Visibility Dijkstra,1.0
visibility_dijkstra,Visibility Dijkstra,1.0002250412190012
visibility_dijkstra,Visibility Dijkstra,1.0012875880760104
visibility_dijkstra,Visibility Dijkstra,1.001071958654857
visibility_dijkstra,Visibility Dijkstra,1.133429960464629
visibility_dijkstra,Visibility Dijkstra,1.025937782667262
visibility_dijkstra,Visibility Dijkstra,1.0011614242030027
visibility_dijkstra,Visibility Dijkstra,1.001980977763605
visibility_dijkstra,Visibility Dijkstra,1.0128840474861058
visibility_dijkstra,Visibility Dijkstra,1.220354510353368
visibility_dijkstra,Visibility Dijkstra,1.008042704152156
visibility_dijkstra,Visibility Dijkstra,1.0002177290812388
visibility_dijkstra,Visibility Dijkstra,1.0024757912062996
visibility_dijkstra,Visibility Dijkstra,1.0154887994119963
visibility_dijkstra,Visibility Dijkstra,1.0142153848875837
visibility_dijkstra,Visibility Dijkstra,1.0003080780074791
visibility_dijkstra,Visibility Dijkstra,1.0000558274827722
visibility_dijkstra,Visibility Dijkstra,1.0161587073048253
visibility_dijkstra,Visibility Dijkstra,1.0217277202714072
visibility_dijkstra,Visibility Dijkstra,1.0003398014125817
visibility_dijkstra,Visibility Dijkstra,1.0
visibility_dijkstra,Visibility Dijkstra,1.0037298037452012
visibility_dijkstra,Visibility Dijkstra,1.0308083391914324
visibility_dijkstra,Visibility Dijkstra,1.0004798282333989
visibility_dijkstra,Visibility Dijkstra,1.0005065343018287
visibility_dijkstra,Visibility Dijkstra,1.0026801592394277
visibility_dijkstra,Visibility Dijkstra,1.0006827261275548
visibility_dijkstra,Visibility Dijkstra,1.000085062262419
visibility_dijkstra,Visibility Dijkstra,1.0038662175476194
visibility_dijkstra,Visibility Dijkstra,1.0466032970279497
visibility_dijkstra,Visibility Dijkstra,1.0119691759979912
visibility_dijkstra,Visibility Dijkstra,1.0063508348217391
visibility_dijkstra,Visibility Dijkstra,1.0670800439325185
visibility_dijkstra,Visibility Dijkstra,1.042212033684077
visibility_dijkstra,Visibility Dijkstra,1.000604356303307
visibility_dijkstra,Visibility Dijkstra,1.0041344087493271
visibility_dijkstra,Visibility Dijkstra,1.0334723667616061
visibility_dijkstra,Visibility Dijkstra,1.0456288571074928
visibility_dijkstra,Visibility Dijkstra,1.0002161952302675
visibility_dijkstra,Visibility Dijkstra,1.1307537457541394
visibility_dijkstra,Visibility Dijkstra,1.0052779981490616
visibility_dijkstra,Visibility Dijkstra,1.001173158393301
visibility_dijkstra,Visibility Dijkstra,1.0090176714225003
visibility_dijkstra,Visibility Dijkstra,1.123895745369681
visibility_dijkstra,Visibility Dijkstra,1.0031568280402374
visibility_dijkstra,Visibility Dijkstra,1.0
visibility_dijkstra,Visibility Dijkstra,1.0240093194923001
visibility_dijkstra,Visibility Dijkstra,1.0582382655325957
visibility_dijkstra,Visibility Dijkstra,1.0083509959780503
visibility_dijkstra,Visibility Dijkstra,1.0116748384266998
visibility_dijkstra,Visibility Dijkstra,1.0251648209580153
visibility_dijkstra,Visibility Dijkstra,1.0144918634807387
visibility_dijkstra,Visibility Dijkstra,1.0027573457382246
visibility_dijkstra,Visibility Dijkstra,1.1192486893502853
visibility_dijkstra,Visibility Dijkstra,1.009740911761087
visibility_dijkstra,Visibility Dijkstra,1.3042694028436659
visibility_dijkstra,Visibility Dijkstra,1.0111243797660134
visibility_dijkstra,Visibility Dijkstra,1.0389826149759387
visibility_dijkstra,Visibility Dijkstra,1.0207898310934338
visibility_dijkstra,Visibility Dijkstra,1.1989882648752193
visibility_dijkstra,Visibility Dijkstra,1.0008666980573109
visibility_dijkstra,Visibility Dijkstra,1.0
visibility_dijkstra,Visibility Dijkstra,1.0181299109929656
visibility_dijkstra,Visibility Dijkstra,1.0022833821697303
visibility_dijkstra,Visibility Dijkstra,1.0195149134140207
visibility_dijkstra,Visibility Dijkstra,1.1408676835279972
visibility_dijkstra,Visibility Dijkstra,1.0075785570822073
visibility_dijkstra,Visibility Dijkstra,1.000795317280085
visibility_dijkstra,Visibility Dijkstra,1.026828446361201
visibility_dijkstra,Visibility Dijkstra,1.0136653259277009
visibility_dijkstra,Visibility Dijkstra,1.0026032749200249
visibility_dijkstra,Visibility Dijkstra,1.0
visibility_dijkstra,Visibility Dijkstra,1.0004733991791115
visibility_dijkstra,Visibility Dijkstra,1.0003995370404168
visibility_dijkstra,Visibility Dijkstra,1.0025991340752498
visibility_dijkstra,Visibility Dijkstra,1.1909357289181168
visibility_dijkstra,Visibility Dijkstra,1.0248555389449265
visibility_dijkstra,Visibility Dijkstra,1.2329615504065567
visibility_dijkstra,Visibility Dijkstra,1.0034103479677414
visibility_dijkstra,Visibility Dijkstra,1.0007356471897149
visibility_dijkstra,Visibility Dijkstra,1.0642862540176834
visibility_dijkstra,Visibility Dijkstra,1.0064604791060816
visibility_dijkstra,Visibility Dijkstra,1.000200341224723
visibility_dijkstra,Visibility Dijkstra,1.031694803858359
visibility_dijkstra,Visibility Dijkstra,1.0694981500076517
visibility_dijkstra,Visibility Dijkstra,1.0078691628157563
visibility_dijkstra,Visibility Dijkstra,1.1187080751504976
visibility_dijkstra,Visibility Dijkstra,1.0162078506899896
visibility_dijkstra,Visibility Dijkstra,1.0002100268426286
visibility_dijkstra,Visibility Dijkstra,1.0081978486163137
visibility_dijkstra,Visibility Dijkstra,1.008766790438089
visibility_dijkstra,Visibility Dijkstra,1.0241701889888244
visibility_dijkstra,Visibility Dijkstra,1.0008198168480062
visibility_dijkstra,Visibility Dijkstra,1.0064923243761594
visibility_dijkstra,Visibility Dijkstra,1.0075568224051725
visibility_dijkstra,Visibility Dijkstra,1.014298318388613
visibility_dijkstra,Visibility Dijkstra,1.182242367344931
visibility_dijkstra,Visibility Dijkstra,1.0
visibility_dijkstra,Visibility Dijkstra,1.0373618522918537
visibility_dijkstra,Visibility Dijkstra,1.3147690377403132
visibility_dijkstra,Visibility Dijkstra,1.9819746447281128
visibility_dijkstra,Visibility Dijkstra,1.024899433264423
visibility_dijkstra,Visibility Dijkstra,1.0035978466542759
visibility_dijkstra,Visibility Dijkstra,1.0017791874153585
visibility_dijkstra,Visibility Dijkstra,1.0015821176032185
visibility_dijkstra,Visibility Dijkstra,1.285505237568536
visibility_dijkstra,Visibility Dijkstra,1.2223670543945033
visibility_dijkstra,Visibility Dijkstra,1.000932261653551
visibility_dijkstra,Visibility Dijkstra,1.064955064626357
visibility_dijkstra,Visibility Dijkstra,1.0142963210105336
visibility_dijkstra,Visibility Dijkstra,1.0128165832132088
visibility_dijkstra,Visibility Dijkstra,1.2445302337959863
visibility_dijkstra,Visibility Dijkstra,1.0006234444496838
visibility_dijkstra,Visibility Dijkstra,1.009661891168687
visibility_dijkstra,Visibility Dijkstra,1.0001743169181763
visibility_dijkstra,Visibility Dijkstra,1.0021855324048008
visibility_dijkstra,Visibility Dijkstra,1.023038166101565
visibility_dijkstra,Visibility Dijkstra,1.0009049759852542
visibility_dijkstra,Visibility Dijkstra,1.0028852495483525
visibility_dijkstra,Visibility Dijkstra,1.001103836679407
visibility_dijkstra,Visibility Dijkstra,1.2905366012199466
visibility_dijkstra,Visibility Dijkstra,1.0989903136936539
visibility_dijkstra,Visibility Dijkstra,1.0008078422237023
visibility_dijkstra,Visibility Dijkstra,1.001608518012507
visibility_dijkstra,Visibility Dijkstra,1.002079173131234
visibility_dijkstra,Visibility Dijkstra,1.0493872374216582
visibility_dijkstra,Visibility Dijkstra,1.000818642539822
visibility_dijkstra,Visibility Dijkstra,1.0013638863364736
visibility_dijkstra,Visibility Dijkstra,1.0025479404345714
visibility_dijkstra,Visibility Dijkstra,1.098344612512034
visibility_dijkstra,Visibility Dijkstra,1.0848149270493963
visibility_dijkstra,Visibility Dijkstra,1.0021099324498481
visibility_dijkstra,Visibility Dijkstra,1.1261072016416103
visibility_dijkstra,Visibility Dijkstra,1.0003051706150297
visibility_dijkstra,Visibility Dijkstra,1.0027919486841985
visibility_dijkstra,Visibility Dijkstra,1.003955861694989
visibility_dijkstra,Visibility Dijkstra,1.0533765605688623
visibility_dijkstra,Visibility Dijkstra,1.0782351971038378
visibility_dijkstra,Visibility Dijkstra,1.0005171797928025
visibility_dijkstra,Visibility Dijkstra,1.0217664742076775
visibility_dijkstra,Visibility Dijkstra,1.00968390400629
visibility_dijkstra,Visibility Dijkstra,1.0160573425089885
visibility_dijkstra,Visibility Dijkstra,1.013503523805754
visibility_dijkstra,Visibility Dijkstra,1.018072643601462
visibility_dijkstra,Visibility Dijkstra,1.0016497674217364
visibility_dijkstra,Visibility Dijkstra,1.0019417830635953
visibility_dijkstra,Visibility Dijkstra,1.0025874079455646
visibility_dijkstra,Visibility Dijkstra,1.0075240167109172
visibility_dijkstra,Visibility Dijkstra,1.0006880613102251
visibility_dijkstra,Visibility Dijkstra,1.0200951252983306
visibility_dijkstra,Visibility Dijkstra,1.0141733104336457
visibility_dijkstra,Visibility Dijkstra,1.0000868598694719
visibility_dijkstra,Visibility Dijkstra,1.0022425187876485
visibility_dijkstra,Visibility Dijkstra,1.0228135059949237
visibility_dijkstra,Visibility Dijkstra,1.000156307246579
visibility_dijkstra,Visibility Dijkstra,1.0009302759457988
visibility_dijkstra,Visibility Dijkstra,1.011569422998682
visibility_dijkstra,Visibility Dijkstra,1.0010329798711834
visibility_dijkstra,Visibility Dijkstra,1.0
visibility_dijkstra,Visibility Dijkstra,1.018380623766641
visibility_dijkstra,Visibility Dijkstra,1.0340138928677856
visibility_dijkstra,Visibility Dijkstra,1.0
visibility_dijkstra,Visibility Dijkstra,1.1403790150382418
visibility_dijkstra,Visibility Dijkstra,1.0011368769656912
visibility_dijkstra,Visibility Dijkstra,1.0027314620915253
visibility_dijkstra,Visibility Dijkstra,1.0015755355443001
visibility_dijkstra,Visibility Dijkstra,1.013931553434623
visibility_dijkstra,Visibility Dijkstra,1.005947283648726
visibility_dijkstra,Visibility Dijkstra,1.1774960449376184
visibility_dijkstra,Visibility Dijkstra,1.0207204018479095
visibility_dijkstra,Visibility Dijkstra,1.0154073512947346
visibility_dijkstra,Visibility Dijkstra,1.0047860668975603
visibility_dijkstra,Visibility Dijkstra,1.0815227623670844
visibility_dijkstra,Visibility Dijkstra,1.1109205229751429
visibility_dijkstra,Visibility Dijkstra,1.0045838664889633
visibility_dijkstra,Visibility Dijkstra,1.0000326430262179
visibility_dijkstra,Visibility Dijkstra,1.0006118860921025
visibility_dijkstra,Visibility Dijkstra,1.0055973066516914
visibility_dijkstra,Visibility Dijkstra,1.0005614825086169
visibility_dijkstra,Visibility Dijkstra,1.0019452267810367
visibility_dijkstra,Visibility Dijkstra,1.025046867913221
visibility_dijkstra,Visibility Dijkstra,1.0361421520832816
visibility_dijkstra,Visibility Dijkstra,1.0152760817753494
visibility_dijkstra,Visibility Dijkstra,1.0
visibility_dijkstra,Visibility Dijkstra,1.0009306425359488
visibility_dijkstra,Visibility Dijkstra,1.000003689787792
visibility_dijkstra,Visibility Dijkstra,1.0446946052610795
visibility_dijkstra,Visibility Dijkstra,1.0179406922817265
visibility_dijkstra,Visibility Dijkstra,1.0028046593934772
visibility_dijkstra,Visibility Dijkstra,1.0101817887660178
visibility_dijkstra,Visibility Dijkstra,1.0039306686036582
visibility_dijkstra,Visibility Dijkstra,1.1767617378454607
visibility_dijkstra,Visibility Dijkstra,1.0047502018093841
visibility_dijkstra,Visibility Dijkstra,1.0475248117367837
visibility_dijkstra,Visibility Dijkstra,1.0026601478780346
visibility_dijkstra,Visibility Dijkstra,1.2515102210251488
visibility_dijkstra,Visibility Dijkstra,1.0032740714337993
visibility_dijkstra,Visibility Dijkstra,1.0518843128611686
visibility_dijkstra,Visibility Dijkstra,1.0029158265567257
visibility_dijkstra,Visibility Dijkstra,1.0252564164114863
visibility_dijkstra,Visibility Dijkstra,1.0072103861429995
visibility_dijkstra,Visibility Dijkstra,1.0030758997579277
visibility_dijkstra,Visibility Dijkstra,1.0020084886710028
visibility_dijkstra,Visibility Dijkstra,1.014945225029064
visibility_dijkstra,Visibility Dijkstra,1.0043893814465354
visibility_dijkstra,Visibility Dijkstra,1.0127278276054277
visibility_dijkstra,Visibility Dijkstra,1.0115949445328092
visibility_dijkstra,Visibility Dijkstra,1.020432952237114
visibility_dijkstra,Visibility Dijkstra,1.0008046072979069
visibility_dijkstra,Visibility Dijkstra,1.0083077308680106
visibility_dijkstra,Visibility Dijkstra,1.0129916677159587
visibility_dijkstra,Visibility Dijkstra,1.4970585512861707
visibility_dijkstra,Visibility Dijkstra,1.000170410066274
visibility_dijkstra,Visibility Dijkstra,1.0134089283984917
visibility_dijkstra,Visibility Dijkstra,1.0152876037434793
visibility_dijkstra,Visibility Dijkstra,1.0044516576135627
visibility_dijkstra,Visibility Dijkstra,1.022841674429144
visibility_dijkstra,Visibility Dijkstra,1.0001473874606222
visibility_dijkstra,Visibility Dijkstra,1.0054972318443403
visibility_dijkstra,Visibility Dijkstra,1.0054886311598776
visibility_dijkstra,Visibility Dijkstra,1.071755977179844
visibility_dijkstra,Visibility Dijkstra,1.0009449744467478
visibility_dijkstra,Visibility Dijkstra,1.0001616811364704
visibility_dijkstra,Visibility Dijkstra,1.0033954987405849
visibility_dijkstra,Visibility Dijkstra,1.032614757274641
visibility_dijkstra,Visibility Dijkstra,1.014021314531475
visibility_dijkstra,Visibility Dijkstra,1.0016223586090582
visibility_dijkstra,Visibility Dijkstra,1.0
visibility_dijkstra,Visibility Dijkstra,1.0156078888443527
visibility_dijkstra,Visibility Dijkstra,1.001608709214842
visibility_dijkstra,Visibility Dijkstra,1.0026279815497996
visibility_dijkstra,Visibility Dijkstra,1.0108174998459007
visibility_dijkstra,Visibility Dijkstra,1.0007858119121544
visibility_dijkstra,Visibility Dijkstra,1.0386149742105395
visibility_dijkstra,Visibility Dijkstra,1.0743421141904725
visibility_dijkstra,Visibility Dijkstra,1.0022417828512704
visibility_dijkstra,Visibility Dijkstra,1.009576126693078
visibility_dijkstra,Visibility Dijkstra,1.0246483960519408
visibility_dijkstra,Visibility Dijkstra,1.1334533314488335
visibility_dijkstra,Visibility Dijkstra,1.0021198275782959
visibility_dijkstra,Visibility Dijkstra,1.0048890746015289
visibility_dijkstra,Visibility Dijkstra,1.2568964655030617
visibility_dijkstra,Visibility Dijkstra,1.0117441577109612
visibility_dijkstra,Visibility Dijkstra,1.0001964348402033
visibility_dijkstra,Visibility Dijkstra,1.0
visibility_dijkstra,Visibility Dijkstra,1.0013736411285947
visibility_dijkstra,Visibility Dijkstra,1.2630275617298845
visibility_dijkstra,Visibility Dijkstra,1.0166747340782782
visibility_dijkstra,Visibility Dijkstra,1.0001490474448491
visibility_dijkstra,Visibility Dijkstra,1.0012415367907774
visibility_dijkstra,Visibility Dijkstra,1.0369791264966575
visibility_dijkstra,Visibility Dijkstra,1.0075675710108518
visibility_dijkstra,Visibility Dijkstra,1.0052560354638016
visibility_dijkstra,Visibility Dijkstra,1.0157737292676108
visibility_dijkstra,Visibility Dijkstra,1.006484604731867
visibility_dijkstra,Visibility Dijkstra,1.0829541577333517
visibility_dijkstra,Visibility Dijkstra,1.0279603883336519
visibility_dijkstra,Visibility Dijkstra,1.0344202656632304
visibility_dijkstra,Visibility Dijkstra,1.0034263152574983
visibility_dijkstra,Visibility Dijkstra,1.0004747490642791
visibility_dijkstra,Visibility Dijkstra,1.2425246851437899
visibility_dijkstra,Visibility Dijkstra,1.141361973140607
visibility_dijkstra,Visibility Dijkstra,1.0000084311023463
visibility_dijkstra,Visibility Dijkstra,1.0042807581094153
visibility_dijkstra,Visibility Dijkstra,1.0809345637174972
visibility_dijkstra,Visibility Dijkstra,1.008556210158926
visibility_dijkstra,Visibility Dijkstra,1.0018770609641687
visibility_dijkstra,Visibility Dijkstra,1.0002154998073323
visibility_dijkstra,Visibility Dijkstra,1.0016914659638332
visibility_dijkstra,Visibility Dijkstra,1.051179066229899
visibility_dijkstra,Visibility Dijkstra,1.0026779031272028
visibility_dijkstra,Visibility Dijkstra,1.1015763919570905
visibility_dijkstra,Visibility Dijkstra,1.1008695792474847
visibility_dijkstra,Visibility Dijkstra,1.0010996839505106
visibility_dijkstra,Visibility Dijkstra,1.059433475445523
visibility_dijkstra,Visibility Dijkstra,1.007544740987459
visibility_dijkstra,Visibility Dijkstra,1.000773494511954
visibility_dijkstra,Visibility Dijkstra,1.0005793089153983
visibility_dijkstra,Visibility Dijkstra,1.000224055773221
visibility_dijkstra,Visibility Dijkstra,1.0005522220073213
visibility_dijkstra,Visibility Dijkstra,1.0014256338359278
visibility_dijkstra,Visibility Dijkstra,1.033581209625201
visibility_dijkstra,Visibility Dijkstra,1.025993548185934
visibility_dijkstra,Visibility Dijkstra,1.0154333339462693
visibility_dijkstra,Visibility Dijkstra,1.000432200864022
visibility_dijkstra,Visibility Dijkstra,1.00000002452385
visibility_dijkstra,Visibility Dijkstra,1.0019518561092566
visibility_dijkstra,Visibility Dijkstra,1.0103304416970273
visibility_dijkstra,Visibility Dijkstra,1.0351289004073763
visibility_dijkstra,Visibility Dijkstra,1.0027431569234708
visibility_dijkstra,Visibility Dijkstra,1.1241856417322076
visibility_dijkstra,Visibility Dijkstra,1.005188955744368
visibility_dijkstra,Visibility Dijkstra,1.0003476304377923
visibility_dijkstra,Visibility Dijkstra,1.0019762884269818
visibility_dijkstra,Visibility Dijkstra,1.003621413058856
visibility_dijkstra,Visibility Dijkstra,1.0025155641525005
visibility_dijkstra,Visibility Dijkstra,1.0012576026188804
visibility_dijkstra,Visibility Dijkstra,1.0189774005099974
visibility_dijkstra,Visibility Dijkstra,1.0024233635111541
visibility_dijkstra,Visibility Dijkstra,1.015587497595539
visibility_dijkstra,Visibility Dijkstra,1.0005874090336133
visibility_dijkstra,Visibility Dijkstra,1.1295122122389198
visibility_dijkstra,Visibility Dijkstra,1.0084936173559451
visibility_dijkstra,Visibility Dijkstra,1.001541648767648
visibility_dijkstra,Visibility Dijkstra,1.0011204823731856
visibility_dijkstra,Visibility Dijkstra,1.0000711976830212
visibility_dijkstra,Visibility Dijkstra,1.0000313379340808
visibility_dijkstra,Visibility Dijkstra,1.0150429785333164
visibility_dijkstra,Visibility Dijkstra,1.01167992200198
visibility_dijkstra,Visibility Dijkstra,1.0099201482066882
visibility_dijkstra,Visibility Dijkstra,1.0049730514856319
visibility_dijkstra,Visibility Dijkstra,1.007753726378131
visibility_dijkstra,Visibility Dijkstra,1.0313190033794215
visibility_dijkstra,Visibility Dijkstra,1.0015194436932413
visibility_dijkstra,Visibility Dijkstra,1.2331533026013553
visibility_dijkstra,Visibility Dijkstra,1.010952310019442
visibility_dijkstra,Visibility Dijkstra,1.0183927566184525
visibility_dijkstra,Visibility Dijkstra,1.000459753055805
visibility_dijkstra,Visibility Dijkstra,1.0190662281475855
visibility_dijkstra,Visibility Dijkstra,1.0348749788608211
visibility_dijkstra,Visibility Dijkstra,1.0861469781726016
visibility_dijkstra,Visibility Dijkstra,1.1031342670871969
visibility_dijkstra,Visibility Dijkstra,1.0000132564899078
visibility_dijkstra,Visibility Dijkstra,1.0110879983479417
visibility_dijkstra,Visibility Dijkstra,1.077682255454609
visibility_dijkstra,Visibility Dijkstra,1.2326900008808734
visibility_dijkstra,Visibility Dijkstra,1.0036873320406703
visibility_dijkstra,Visibility Dijkstra,1.000221107721207
visibility_dijkstra,Visibility Dijkstra,1.0084331387985361
visibility_dijkstra,Visibility Dijkstra,1.0000107091018393
visibility_dijkstra,Visibility Dijkstra,1.1772891088272468
visibility_dijkstra,Visibility Dijkstra,1.0008660771067837
visibility_dijkstra,Visibility Dijkstra,1.0039937982597367
visibility_dijkstra,Visibility Dijkstra,1.2825451604197546
visibility_dijkstra,Visibility Dijkstra,1.2078119913788434
visibility_dijkstra,Visibility Dijkstra,1.0047060576778932
visibility_dijkstra,Visibility Dijkstra,1.0303002028342771
visibility_dijkstra,Visibility Dijkstra,1.0359806659008985
visibility_dijkstra,Visibility Dijkstra,1.0170478846635151
visibility_dijkstra,Visibility Dijkstra,1.0060751594186064
visibility_dijkstra,Visibility Dijkstra,1.0014391696883882
visibility_dijkstra,Visibility Dijkstra,1.0010368794508628
visibility_dijkstra,Visibility Dijkstra,1.0215930804578301
visibility_dijkstra,Visibility Dijkstra,1.008852493123582
visibility_dijkstra,Visibility Dijkstra,1.0083998908638494
visibility_dijkstra,Visibility Dijkstra,1.0015985876887443
visibility_dijkstra,Visibility Dijkstra,1.2056407044603277
visibility_dijkstra,Visibility Dijkstra,1.0006213571532179
visibility_dijkstra,Visibility Dijkstra,1.0072596113801824
visibility_dijkstra,Visibility Dijkstra,1.0
visibility_dijkstra,Visibility Dijkstra,1.0070121246968715
visibility_dijkstra,Visibility Dijkstra,1.0039066746860186
visibility_dijkstra,Visibility Dijkstra,1.020614444589439
visibility_dijkstra,Visibility Dijkstra,1.000057850983748
visibility_dijkstra,Visibility Dijkstra,1.001310850800974
visibility_dijkstra,Visibility Dijkstra,1.0144383675647575
visibility_dijkstra,Visibility Dijkstra,1.0002012360175923
visibility_dijkstra,Visibility Dijkstra,1.021487268675239
visibility_dijkstra,Visibility Dijkstra,1.0133780573491578
visibility_dijkstra,Visibility Dijkstra,1.0950685802224673
visibility_dijkstra,Visibility Dijkstra,1.009736589696342
visibility_dijkstra,Visibility Dijkstra,1.0145420030996166
visibility_dijkstra,Visibility Dijkstra,1.0025487618386748
visibility_dijkstra,Visibility Dijkstra,1.1143136521129124
visibility_dijkstra,Visibility Dijkstra,1.0031867779862198
visibility_dijkstra,Visibility Dijkstra,1.0381958747627933
visibility_dijkstra,Visibility Dijkstra,1.023744504287974
visibility_dijkstra,Visibility Dijkstra,1.022890985768068
visibility_dijkstra,Visibility Dijkstra,1.0017844895739043
visibility_dijkstra,Visibility Dijkstra,1.0018244929777522
visibility_dijkstra,Visibility Dijkstra,1.0896150716347515
visibility_dijkstra,Visibility Dijkstra,1.0458551617007503
visibility_dijkstra,Visibility Dijkstra,1.0059489610073318
visibility_dijkstra,Visibility Dijkstra,1.0002760309889265
visibility_dijkstra,Visibility Dijkstra,1.126668524011523
visibility_dijkstra,Visibility Dijkstra,1.0367129361059093
visibility_dijkstra,Visibility Dijkstra,1.0
visibility_dijkstra,Visibility Dijkstra,1.0322313954937472
visibility_dijkstra,Visibility Dijkstra,1.1036666640510315
visibility_dijkstra,Visibility Dijkstra,1.0005673273584401
visibility_dijkstra,Visibility Dijkstra,1.0006535685462234
visibility_dijkstra,Visibility Dijkstra,1.1022381934778946
visibility_dijkstra,Visibility Dijkstra,1.0000082167102928
visibility_dijkstra,Visibility Dijkstra,1.0272800767588728
visibility_dijkstra,Visibility Dijkstra,1.0011741386463402
visibility_dijkstra,Visibility Dijkstra,1.000684472922448
visibility_dijkstra,Visibility Dijkstra,1.0258634520848775
visibility_dijkstra,Visibility Dijkstra,1.0453336369911659
visibility_dijkstra,Visibility Dijkstra,1.130583828110844
visibility_dijkstra,Visibility Dijkstra,1.0269919539483006
visibility_dijkstra,Visibility Dijkstra,1.0096649441306644
visibility_dijkstra,Visibility Dijkstra,1.0570227893042106
visibility_dijkstra,Visibility Dijkstra,1.0097274842845725
visibility_dijkstra,Visibility Dijkstra,1.2846225274320864
visibility_dijkstra,Visibility Dijkstra,1.0024782173531464
visibility_dijkstra,Visibility Dijkstra,1.0007134394258912
visibility_dijkstra,Visibility Dijkstra,1.003684968811133
visibility_dijkstra,Visibility Dijkstra,1.018191917894265
visibility_dijkstra,Visibility Dijkstra,1.0020782836847713
visibility_dijkstra,Visibility Dijkstra,1.0000965741756789
visibility_dijkstra,Visibility Dijkstra,1.0417303196730217
visibility_dijkstra,Visibility Dijkstra,1.158365568238904
visibility_dijkstra,Visibility Dijkstra,1.0024123974069963
visibility_dijkstra,Visibility Dijkstra,1.0036804866456812
visibility_dijkstra,Visibility Dijkstra,1.0
visibility_dijkstra,Visibility Dijkstra,1.0290130889900224
visibility_dijkstra,Visibility Dijkstra,1.0006696901935377
visibility_dijkstra,Visibility Dijkstra,1.0007461588299056
visibility_dijkstra,Visibility Dijkstra,1.0028362704850637
visibility_dijkstra,Visibility Dijkstra,1.006494289326396
visibility_dijkstra,Visibility Dijkstra,1.0142131075058243
visibility_dijkstra,Visibility Dijkstra,1.0046484986621347
visibility_dijkstra,Visibility Dijkstra,1.0010827565328129
visibility_dijkstra,Visibility Dijkstra,1.001588701280456
visibility_dijkstra,Visibility Dijkstra,1.0005590965737574
visibility_dijkstra,Visibility Dijkstra,1.0292301540017557
visibility_dijkstra,Visibility Dijkstra,1.0022069241934266
visibility_dijkstra,Visibility Dijkstra,1.0004641929608367
visibility_dijkstra,Visibility Dijkstra,1.0508796304789032
visibility_dijkstra,Visibility Dijkstra,1.0314762006277822
visibility_dijkstra,Visibility Dijkstra,1.2844333070805176
visibility_dijkstra,Visibility Dijkstra,1.018009883344037
visibility_dijkstra,Visibility Dijkstra,1.0060355832809225
visibility_dijkstra,Visibility Dijkstra,1.000001693327066
visibility_dijkstra,Visibility Dijkstra,1.0425729632694816
visibility_dijkstra,Visibility Dijkstra,1.0038614591119943
visibility_dijkstra,Visibility Dijkstra,1.000463904677207
visibility_dijkstra,Visibility Dijkstra,1.0033465671005268
visibility_dijkstra,Visibility Dijkstra,1.0011271327838467
visibility_dijkstra,Visibility Dijkstra,1.0024003364827145
visibility_dijkstra,Visibility Dijkstra,1.0168231877647897
visibility_dijkstra,Visibility Dijkstra,1.1339571281486267
visibility_dijkstra,Visibility Dijkstra,1.000709186770674
visibility_dijkstra,Visibility Dijkstra,1.007895035801753
visibility_dijkstra,Visibility Dijkstra,1.027757849281266
visibility_dijkstra,Visibility Dijkstra,1.0439318558588393
visibility_dijkstra,Visibility Dijkstra,1.000388383701936
visibility_dijkstra,Visibility Dijkstra,1.0190713541022245
visibility_dijkstra,Visibility Dijkstra,1.007227801449057
visibility_dijkstra,Visibility Dijkstra,1.187322776563143
visibility_dijkstra,Visibility Dijkstra,1.2028408070682102
visibility_dijkstra,Visibility Dijkstra,1.0225929580252238
visibility_dijkstra,Visibility Dijkstra,1.0021148117907455
visibility_dijkstra,Visibility Dijkstra,1.0562905344565523
visibility_dijkstra,Visibility Dijkstra,1.0006001789081793
visibility_dijkstra,Visibility Dijkstra,1.0224172020280118
visibility_dijkstra,Visibility Dijkstra,1.0129112246124248
visibility_dijkstra,Visibility Dijkstra,1.0197662621783374
visibility_dijkstra,Visibility Dijkstra,1.0102794711058674
visibility_dijkstra,Visibility Dijkstra,1.0044997781433678
visibility_dijkstra,Visibility Dijkstra,1.0013024370045471
visibility_dijkstra,Visibility Dijkstra,1.0011967462711093
visibility_dijkstra,Visibility Dijkstra,1.0530171044194099
visibility_dijkstra,Visibility Dijkstra,1.0007013117630659
visibility_dijkstra,Visibility Dijkstra,1.0011539315908502
visibility_dijkstra,Visibility Dijkstra,1.1023206886905326
visibility_dijkstra,Visibility Dijkstra,1.0057870911712181
visibility_dijkstra,Visibility Dijkstra,1.1161215676358924
visibility_dijkstra,Visibility Dijkstra,1.0025385782697276
visibility_dijkstra,Visibility Dijkstra,1.0323611193713333
visibility_dijkstra,Visibility Dijkstra,1.0013180286934804
visibility_dijkstra,Visibility Dijkstra,1.0016240602476028
visibility_dijkstra,Visibility Dijkstra,1.0046765681227465
visibility_dijkstra,Visibility Dijkstra,1.0
visibility_dijkstra,Visibility Dijkstra,1.0131049443656714
visibility_dijkstra,Visibility Dijkstra,1.0370222991490383
visibility_dijkstra,Visibility Dijkstra,1.0193743250482905
visibility_dijkstra,Visibility Dijkstra,1.0006506767849153
visibility_dijkstra,Visibility Dijkstra,1.037186934641007
visibility_dijkstra,Visibility Dijkstra,1.2332497044743913
visibility_dijkstra,Visibility Dijkstra,1.0056770365307695
visibility_dijkstra,Visibility Dijkstra,1.0038516724855637
visibility_dijkstra,Visibility Dijkstra,1.012582798643116
visibility_dijkstra,Visibility Dijkstra,1.0028106247765805
visibility_dijkstra,Visibility Dijkstra,1.0481205648179066
visibility_dijkstra,Visibility Dijkstra,1.0035944830734627
visibility_dijkstra,Visibility Dijkstra,1.0009500913656726
visibility_dijkstra,Visibility Dijkstra,1.0034499324046569
visibility_dijkstra,Visibility Dijkstra,1.2821869655526927
visibility_dijkstra,Visibility Dijkstra,1.0030560503183763
visibility_dijkstra,Visibility Dijkstra,1.000332511657121
visibility_dijkstra,Visibility Dijkstra,1.0004567507796898
visibility_dijkstra,Visibility Dijkstra,1.0013691587612765
visibility_dijkstra,Visibility Dijkstra,1.0
visibility_dijkstra,Visibility Dijkstra,1.0936689476023511
visibility_dijkstra,Visibility Dijkstra,1.0015471706930141
visibility_dijkstra,Visibility Dijkstra,1.02903083370136
visibility_dijkstra,Visibility Dijkstra,1.0632104362488841
visibility_dijkstra,Visibility Dijkstra,1.0000331056180325
visibility_dijkstra,Visibility Dijkstra,1.0378696349985488
visibility_dijkstra,Visibility Dijkstra,1.0436812371935476
visibility_dijkstra,Visibility Dijkstra,1.1375089756381849
visibility_dijkstra,Visibility Dijkstra,1.04037264328712
visibility_dijkstra,Visibility Dijkstra,1.030119986851917
visibility_dijkstra,Visibility Dijkstra,1.0023025817812536
visibility_dijkstra,Visibility Dijkstra,1.0000002797305452
visibility_dijkstra,Visibility Dijkstra,1.0015024584823167
visibility_dijkstra,Visibility Dijkstra,1.003250975068046
visibility_dijkstra,Visibility Dijkstra,1.1997534985438139
visibility_dijkstra,Visibility Dijkstra,1.0802350523396698
visibility_dijkstra,Visibility Dijkstra,1.1607139236883963
visibility_dijkstra,Visibility Dijkstra,1.0050788869779534
visibility_dijkstra,Visibility Dijkstra,1.0168592123297946
visibility_dijkstra,Visibility Dijkstra,1.0122530455205743
visibility_dijkstra,Visibility Dijkstra,1.0031117385310468
visibility_dijkstra,Visibility Dijkstra,1.0267705199114359
visibility_dijkstra,Visibility Dijkstra,1.0036821127348559
visibility_dijkstra,Visibility Dijkstra,1.0153538496793961
visibility_dijkstra,Visibility Dijkstra,1.001566387413105
visibility_dijkstra,Visibility Dijkstra,1.004508984536789
visibility_dijkstra,Visibility Dijkstra,1.0795033767527327
visibility_dijkstra,Visibility Dijkstra,1.0007144766083234
visibility_dijkstra,Visibility Dijkstra,1.0066383422625573
visibility_dijkstra,Visibility Dijkstra,1.0037897100129058
visibility_dijkstra,Visibility Dijkstra,1.0013552563220058
visibility_dijkstra,Visibility Dijkstra,1.0039638493766798
visibility_dijkstra,Visibility Dijkstra,1.0006372687596152
visibility_dijkstra,Visibility Dijkstra,1.0015775410878456
visibility_dijkstra,Visibility Dijkstra,1.066031991215874
visibility_dijkstra,Visibility Dijkstra,1.0004502460685722
visibility_dijkstra,Visibility Dijkstra,1.0058666830155834
visibility_dijkstra,Visibility Dijkstra,1.0023216285102134
visibility_dijkstra,Visibility Dijkstra,1.2037169380517128
visibility_dijkstra,Visibility Dijkstra,1.0000299331539144
visibility_dijkstra,Visibility Dijkstra,1.0007690503185291
visibility_dijkstra,Visibility Dijkstra,1.012328616082631
visibility_dijkstra,Visibility Dijkstra,1.002585642037765
visibility_dijkstra,Visibility Dijkstra,1.2935378785871054
visibility_dijkstra,Visibility Dijkstra,1.1557908864462254
visibility_dijkstra,Visibility Dijkstra,1.000637526022711
visibility_dijkstra,Visibility Dijkstra,1.0164298562734633
visibility_dijkstra,Visibility Dijkstra,1.052476934507853
visibility_dijkstra,Visibility Dijkstra,1.0133187967101767
visibility_dijkstra,Visibility Dijkstra,1.0007531208701888
visibility_dijkstra,Visibility Dijkstra,1.010418211963583
visibility_dijkstra,Visibility Dijkstra,1.001268483228806
visibility_dijkstra,Visibility Dijkstra,1.0011091717406588
visibility_dijkstra,Visibility Dijkstra,1.0000022042104642
visibility_dijkstra,Visibility Dijkstra,1.0003334929642378
visibility_dijkstra,Visibility Dijkstra,1.0014294067864293
visibility_dijkstra,Visibility Dijkstra,1.0408599652201362
visibility_dijkstra,Visibility Dijkstra,1.1594662224600676
visibility_dijkstra,Visibility Dijkstra,1.0006858095591413
visibility_dijkstra,Visibility Dijkstra,1.0034440710796506
visibility_dijkstra,Visibility Dijkstra,1.014132081068753
visibility_dijkstra,Visibility Dijkstra,1.0206948496573505
visibility_dijkstra,Visibility Dijkstra,1.0023058288583682
visibility_dijkstra,Visibility Dijkstra,1.0111782218425496
visibility_dijkstra,Visibility Dijkstra,1.0022703152660435
visibility_dijkstra,Visibility Dijkstra,1.0002538951929103
visibility_dijkstra,Visibility Dijkstra,1.0052629307953396
visibility_dijkstra,Visibility Dijkstra,1.0013443942129974
visibility_dijkstra,Visibility Dijkstra,1.3673407442209613
visibility_dijkstra,Visibility Dijkstra,1.0016770974224292
visibility_dijkstra,Visibility Dijkstra,1.0020463572257978
visibility_dijkstra,Visibility Dijkstra,1.046240582853039
visibility_dijkstra,Visibility Dijkstra,1.0146101686975235
visibility_dijkstra,Visibility Dijkstra,1.0002395594027105
visibility_dijkstra,Visibility Dijkstra,1.1476165606360043
visibility_dijkstra,Visibility Dijkstra,1.0113085702381657
visibility_dijkstra,Visibility Dijkstra,1.1817155130379717
visibility_dijkstra,Visibility Dijkstra,1.074127794035561
visibility_dijkstra,Visibility Dijkstra,1.000281999992654
visibility_dijkstra,Visibility Dijkstra,1.186339731838269
visibility_dijkstra,Visibility Dijkstra,1.0012481866155227
visibility_dijkstra,Visibility Dijkstra,1.0042770619064574
visibility_dijkstra,Visibility Dijkstra,1.0016133305123132
visibility_dijkstra,Visibility Dijkstra,1.000268879643244
visibility_dijkstra,Visibility Dijkstra,1.0252999790835338
visibility_dijkstra,Visibility Dijkstra,1.0032230049464146
visibility_dijkstra,Visibility Dijkstra,1.008089687263337
visibility_dijkstra,Visibility Dijkstra,1.13331926699883
visibility_dijkstra,Visibility Dijkstra,1.0086633580389306
visibility_dijkstra,Visibility Dijkstra,1.010277669695218
visibility_dijkstra,Visibility Dijkstra,1.0059448210416657
visibility_dijkstra,Visibility Dijkstra,1.0086264102962756
visibility_dijkstra,Visibility Dijkstra,1.0183237887436587
visibility_dijkstra,Visibility Dijkstra,1.028377882701249
visibility_dijkstra,Visibility Dijkstra,1.04543959349302
visibility_dijkstra,Visibility Dijkstra,1.253444138098876
visibility_dijkstra,Visibility Dijkstra,1.0001751067162132
visibility_dijkstra,Visibility Dijkstra,1.018166782497843
visibility_dijkstra,Visibility Dijkstra,1.0015381209233365
visibility_dijkstra,Visibility Dijkstra,1.0000093174644054
visibility_dijkstra,Visibility Dijkstra,1.011641726407853
visibility_dijkstra,Visibility Dijkstra,1.0959866096499427
visibility_dijkstra,Visibility Dijkstra,1.220275155151813
visibility_dijkstra,Visibility Dijkstra,1.0125805112100155
visibility_dijkstra,Visibility Dijkstra,1.005102299183336
visibility_dijkstra,Visibility Dijkstra,1.003154411422892
visibility_dijkstra,Visibility Dijkstra,1.0740017438728735
visibility_dijkstra,Visibility Dijkstra,1.0159730275744492
visibility_dijkstra,Visibility Dijkstra,1.0000716444793065
visibility_dijkstra,Visibility Dijkstra,1.0
visibility_dijkstra,Visibility Dijkstra,1.00234123638824
visibility_dijkstra,Visibility Dijkstra,1.010833320320718
visibility_dijkstra,Visibility Dijkstra,1.0
visibility_dijkstra,Visibility Dijkstra,1.0037092966492793
visibility_dijkstra,Visibility Dijkstra,1.0021168344011926
visibility_dijkstra,Visibility Dijkstra,1.004351180508408
visibility_dijkstra,Visibility Dijkstra,1.0304119712586173
visibility_dijkstra,Visibility Dijkstra,1.0016196867521643
visibility_dijkstra,Visibility Dijkstra,1.000890407165129
visibility_dijkstra,Visibility Dijkstra,1.011289160375076
visibility_dijkstra,Visibility Dijkstra,1.0005340943139793
visibility_dijkstra,Visibility Dijkstra,1.0619918964496518
visibility_dijkstra,Visibility Dijkstra,1.2373240571924011
visibility_dijkstra,Visibility Dijkstra,1.0070141181618353
visibility_dijkstra,Visibility Dijkstra,1.110307566177348
visibility_dijkstra,Visibility Dijkstra,1.0420459221171845
visibility_dijkstra,Visibility Dijkstra,1.0178621012106053
visibility_dijkstra,Visibility Dijkstra,1.0026706646397905
visibility_dijkstra,Visibility Dijkstra,1.2047840934560083
visibility_dijkstra,Visibility Dijkstra,1.0080004596853442
visibility_dijkstra,Visibility Dijkstra,1.0014664805451674
visibility_dijkstra,Visibility Dijkstra,1.0012223749667486
visibility_dijkstra,Visibility Dijkstra,1.0000085884439114
visibility_dijkstra,Visibility Dijkstra,1.0071040816011883
visibility_dijkstra,Visibility Dijkstra,1.0072001686397887
visibility_dijkstra,Visibility Dijkstra,1.0002205064244143
visibility_dijkstra,Visibility Dijkstra,1.218975905971088
visibility_dijkstra,Visibility Dijkstra,1.005140309447284
visibility_dijkstra,Visibility Dijkstra,1.0852686291097227
visibility_dijkstra,Visibility Dijkstra,1.002534790650075
visibility_dijkstra,Visibility Dijkstra,1.0000063446492529
visibility_dijkstra,Visibility Dijkstra,1.0248193987730132
visibility_dijkstra,Visibility Dijkstra,1.0
visibility_dijkstra,Visibility Dijkstra,1.0007701928811181
visibility_dijkstra,Visibility Dijkstra,1.0077217451920635
visibility_dijkstra,Visibility Dijkstra,1.003932695589146
visibility_dijkstra,Visibility Dijkstra,1.0260865788298321
visibility_dijkstra,Visibility Dijkstra,1.028655283303636
visibility_dijkstra,Visibility Dijkstra,1.0531945645980083
visibility_dijkstra,Visibility Dijkstra,1.000433539626228
visibility_dijkstra,Visibility Dijkstra,1.0034731381557902
visibility_dijkstra,Visibility Dijkstra,1.002251169420278
visibility_dijkstra,Visibility Dijkstra,1.0
visibility_dijkstra,Visibility Dijkstra,1.006558160018585
visibility_dijkstra,Visibility Dijkstra,1.0547001615105622
visibility_dijkstra,Visibility Dijkstra,1.000066689574296
visibility_dijkstra,Visibility Dijkstra,1.0149897601147118
visibility_dijkstra,Visibility Dijkstra,1.0043645080445744
visibility_dijkstra,Visibility Dijkstra,1.0651018451683132
visibility_dijkstra,Visibility Dijkstra,1.019820625694721
visibility_dijkstra,Visibility Dijkstra,1.0
visibility_dijkstra,Visibility Dijkstra,1.0058413299375333
visibility_dijkstra,Visibility Dijkstra,1.0010664108806235
visibility_dijkstra,Visibility Dijkstra,1.0021773363059148
visibility_dijkstra,Visibility Dijkstra,1.0306239539146147
visibility_dijkstra,Visibility Dijkstra,1.0099111297970016
visibility_dijkstra,Visibility Dijkstra,1.0670994573242776
visibility_dijkstra,Visibility Dijkstra,1.007607463663893
visibility_dijkstra,Visibility Dijkstra,1.0004229454611917
visibility_dijkstra,Visibility Dijkstra,1.0132645306104566
visibility_dijkstra,Visibility Dijkstra,1.0181686688360283
visibility_dijkstra,Visibility Dijkstra,1.0230629133346203
visibility_dijkstra,Visibility Dijkstra,1.0029672808758405
visibility_dijkstra,Visibility Dijkstra,1.5396623833592207
visibility_dijkstra,Visibility Dijkstra,1.0006030545299351
visibility_dijkstra,Visibility Dijkstra,1.0058447737236682
visibility_dijkstra,Visibility Dijkstra,1.0000000331531946
visibility_dijkstra,Visibility Dijkstra,1.0004486811249518
visibility_dijkstra,Visibility Dijkstra,1.1870415269992343
visibility_dijkstra,Visibility Dijkstra,1.0473872717955226
visibility_dijkstra,Visibility Dijkstra,1.0381773941232797
visibility_dijkstra,Visibility Dijkstra,1.0580105151173926
visibility_dijkstra,Visibility Dijkstra,1.0
visibility_dijkstra,Visibility Dijkstra,1.0015551582335294
visibility_dijkstra,Visibility Dijkstra,1.0019471652647125
visibility_dijkstra,Visibility Dijkstra,1.0069505623266837
visibility_dijkstra,Visibility Dijkstra,1.14432011300722
visibility_dijkstra,Visibility Dijkstra,1.0052217260880814
visibility_dijkstra,Visibility Dijkstra,1.0163847857645847
visibility_dijkstra,Visibility Dijkstra,1.3250816045643417
visibility_dijkstra,Visibility Dijkstra,1.006668519345581
visibility_dijkstra,Visibility Dijkstra,1.0006524529874992
visibility_dijkstra,Visibility Dijkstra,1.02499134960356
visibility_dijkstra,Visibility Dijkstra,1.0187412150504394
visibility_dijkstra,Visibility Dijkstra,1.0877350130567225
visibility_dijkstra,Visibility Dijkstra,1.0043892656222562
visibility_dijkstra,Visibility Dijkstra,1.0141569920945257
visibility_dijkstra,Visibility Dijkstra,1.1427564430484158
visibility_dijkstra,Visibility Dijkstra,1.1342023574814704
visibility_dijkstra,Visibility Dijkstra,1.008425401610938
visibility_dijkstra,Visibility Dijkstra,1.0
visibility_dijkstra,Visibility Dijkstra,1.188590386538
visibility_dijkstra,Visibility Dijkstra,1.0235507346161137
visibility_dijkstra,Visibility Dijkstra,1.0043425344726158
visibility_dijkstra,Visibility Dijkstra,1.0001075656598222
visibility_dijkstra,Visibility Dijkstra,1.0077032264248598
visibility_dijkstra,Visibility Dijkstra,1.0012492403941025
visibility_dijkstra,Visibility Dijkstra,1.0014935312443092
visibility_dijkstra,Visibility Dijkstra,1.0014052362957
visibility_dijkstra,Visibility Dijkstra,1.002385017124882
visibility_dijkstra,Visibility Dijkstra,1.0224006950852962
visibility_dijkstra,Visibility Dijkstra,1.006487916502854
visibility_dijkstra,Visibility Dijkstra,1.0029862108121488
visibility_dijkstra,Visibility Dijkstra,1.0430120235846594
visibility_dijkstra,Visibility Dijkstra,1.03241284748781
visibility_dijkstra,Visibility Dijkstra,1.0032267773531003
visibility_dijkstra,Visibility Dijkstra,1.0175653147592358
visibility_dijkstra,Visibility Dijkstra,1.186266470901151
visibility_dijkstra,Visibility Dijkstra,1.0034453735093511
visibility_dijkstra,Visibility Dijkstra,1.0006255206159824
visibility_dijkstra,Visibility Dijkstra,1.0261253812201006
visibility_dijkstra,Visibility Dijkstra,1.177841579549776
visibility_dijkstra,Visibility Dijkstra,1.0131928261155507
visibility_dijkstra,Visibility Dijkstra,1.101639178638265
visibility_dijkstra,Visibility Dijkstra,1.0004149058644887
visibility_dijkstra,Visibility Dijkstra,1.0237540213489487
visibility_dijkstra,Visibility Dijkstra,1.0055053249995884
visibility_dijkstra,Visibility Dijkstra,1.0054429474924096
visibility_dijkstra,Visibility Dijkstra,1.0002474765841156
visibility_dijkstra,Visibility Dijkstra,1.0130454942246787
visibility_dijkstra,Visibility Dijkstra,1.0014956647638442
visibility_dijkstra,Visibility Dijkstra,1.1860616028496385
visibility_dijkstra,Visibility Dijkstra,1.2027694662432067
visibility_dijkstra,Visibility Dijkstra,1.0008546703959458
visibility_dijkstra,Visibility Dijkstra,1.000213556237803
visibility_dijkstra,Visibility Dijkstra,1.01183551839053
visibility_dijkstra,Visibility Dijkstra,1.0451939604666887
visibility_dijkstra,Visibility Dijkstra,1.0019125164769613
visibility_dijkstra,Visibility Dijkstra,1.0026444666496765
visibility_dijkstra,Visibility Dijkstra,1.0970127683304032
visibility_dijkstra,Visibility Dijkstra,1.0186017923453565
visibility_dijkstra,Visibility Dijkstra,1.0070059896990229
visibility_dijkstra,Visibility Dijkstra,1.0054541000560677
visibility_dijkstra,Visibility Dijkstra,1.00815650294403
